Loc,SizeClass,year,fish_count,Esst,mpa,nTotal,rep,f,yearF
BassSt,10,1992,71,14.758583988998565,0,1522,BassSt_1992,0.04664914586070959,1992
BassSt,12.5,1992,174,14.758583988998565,0,1522,BassSt_1992,0.11432325886990802,1992
BassSt,15,1992,420,14.758583988998565,0,1522,BassSt_1992,0.2759526938239159,1992
BassSt,20,1992,437,14.758583988998565,0,1522,BassSt_1992,0.2871222076215506,1992
BassSt,25,1992,272,14.758583988998565,0,1522,BassSt_1992,0.17871222076215507,1992
BassSt,30,1992,148,14.758583988998565,0,1522,BassSt_1992,0.09724047306176084,1992
BassSt,12.5,2000,21,14.668494444195465,0,797,BassSt_2000,0.026348808030112924,2000
BassSt,15,2000,87,14.668494444195465,0,797,BassSt_2000,0.10915934755332497,2000
BassSt,20,2000,210,14.668494444195465,0,797,BassSt_2000,0.26348808030112925,2000
BassSt,25,2000,264,14.668494444195465,0,797,BassSt_2000,0.3312421580928482,2000
BassSt,30,2000,100,14.668494444195465,0,797,BassSt_2000,0.12547051442910917,2000
BassSt,35,2000,115,14.668494444195465,0,797,BassSt_2000,0.14429109159347553,2000
BassSt,12.5,2004,121,13.91153925909771,0,1411,BassSt_2004,0.08575478384124734,2004
BassSt,15,2004,327,13.91153925909771,0,1411,BassSt_2004,0.23175053153791636,2004
BassSt,20,2004,390,13.91153925909771,0,1411,BassSt_2004,0.2763997165131113,2004
BassSt,25,2004,353,13.91153925909771,0,1411,BassSt_2004,0.25017717930545713,2004
BassSt,30,2004,220,13.91153925909771,0,1411,BassSt_2004,0.1559177888022679,2004
BassSt,10,2005,122,14.80125520964556,0,1474,BassSt_2005,0.08276797829036635,2005
BassSt,12.5,2005,176,14.80125520964556,0,1474,BassSt_2005,0.11940298507462686,2005
BassSt,15,2005,307,14.80125520964556,0,1474,BassSt_2005,0.20827679782903663,2005
BassSt,20,2005,371,14.80125520964556,0,1474,BassSt_2005,0.25169606512890097,2005
BassSt,25,2005,294,14.80125520964556,0,1474,BassSt_2005,0.1994572591587517,2005
BassSt,30,2005,204,14.80125520964556,0,1474,BassSt_2005,0.1383989145183175,2005
BassSt,10,2006,151,13.774282141071813,0,1535,BassSt_2006,0.098371335504886,2006
BassSt,12.5,2006,274,13.774282141071813,0,1535,BassSt_2006,0.17850162866449512,2006
BassSt,15,2006,360,13.774282141071813,0,1535,BassSt_2006,0.23452768729641693,2006
BassSt,20,2006,367,13.774282141071813,0,1535,BassSt_2006,0.23908794788273616,2006
BassSt,25,2006,246,13.774282141071813,0,1535,BassSt_2006,0.16026058631921825,2006
BassSt,30,2006,137,13.774282141071813,0,1535,BassSt_2006,0.08925081433224756,2006
BassSt,10,2007,116,14.708823683163539,0,1341,BassSt_2007,0.08650260999254288,2007
BassSt,12.5,2007,260,14.708823683163539,0,1341,BassSt_2007,0.19388516032811334,2007
BassSt,15,2007,374,14.708823683163539,0,1341,BassSt_2007,0.27889634601043994,2007
BassSt,20,2007,298,14.708823683163539,0,1341,BassSt_2007,0.2222222222222222,2007
BassSt,25,2007,162,14.708823683163539,0,1341,BassSt_2007,0.12080536912751678,2007
BassSt,30,2007,131,14.708823683163539,0,1341,BassSt_2007,0.0976882923191648,2007
BassSt,10,2008,50,13.022867558778312,0,538,BassSt_2008,0.09293680297397769,2008
BassSt,12.5,2008,78,13.022867558778312,0,538,BassSt_2008,0.1449814126394052,2008
BassSt,15,2008,156,13.022867558778312,0,538,BassSt_2008,0.2899628252788104,2008
BassSt,20,2008,141,13.022867558778312,0,538,BassSt_2008,0.2620817843866171,2008
BassSt,25,2008,69,13.022867558778312,0,538,BassSt_2008,0.12825278810408922,2008
BassSt,30,2008,44,13.022867558778312,0,538,BassSt_2008,0.08178438661710037,2008
BassSt,10,2009,82,14.14053193576915,0,1726,BassSt_2009,0.047508690614136734,2009
BassSt,12.5,2009,211,14.14053193576915,0,1726,BassSt_2009,0.12224797219003476,2009
BassSt,15,2009,365,14.14053193576915,0,1726,BassSt_2009,0.21147161066048667,2009
BassSt,20,2009,424,14.14053193576915,0,1726,BassSt_2009,0.24565469293163383,2009
BassSt,25,2009,430,14.14053193576915,0,1726,BassSt_2009,0.24913093858632676,2009
BassSt,30,2009,214,14.14053193576915,0,1726,BassSt_2009,0.12398609501738123,2009
BassSt,10,2011,93,13.712513914436597,0,1916,BassSt_2011,0.048538622129436326,2011
BassSt,12.5,2011,166,13.712513914436597,0,1916,BassSt_2011,0.08663883089770355,2011
BassSt,15,2011,392,13.712513914436597,0,1916,BassSt_2011,0.2045929018789144,2011
BassSt,20,2011,587,13.712513914436597,0,1916,BassSt_2011,0.30636743215031315,2011
BassSt,25,2011,373,13.712513914436597,0,1916,BassSt_2011,0.19467640918580376,2011
BassSt,30,2011,211,13.712513914436597,0,1916,BassSt_2011,0.11012526096033402,2011
BassSt,35,2011,94,13.712513914436597,0,1916,BassSt_2011,0.049060542797494784,2011
BassSt,10,2012,67,14.319751932180814,0,1258,BassSt_2012,0.05325914149443561,2012
BassSt,12.5,2012,173,14.319751932180814,0,1258,BassSt_2012,0.13751987281399047,2012
BassSt,15,2012,321,14.319751932180814,0,1258,BassSt_2012,0.25516693163751986,2012
BassSt,20,2012,342,14.319751932180814,0,1258,BassSt_2012,0.2718600953895072,2012
BassSt,25,2012,192,14.319751932180814,0,1258,BassSt_2012,0.15262321144674085,2012
BassSt,30,2012,91,14.319751932180814,0,1258,BassSt_2012,0.07233704292527822,2012
BassSt,35,2012,72,14.319751932180814,0,1258,BassSt_2012,0.057233704292527825,2012
BassSt,10,2013,341,18.581714599595767,0,2492,BassSt_2013,0.1368378812199037,2013
BassSt,12.5,2013,286,18.581714599595767,0,2492,BassSt_2013,0.11476725521669343,2013
BassSt,15,2013,427,18.581714599595767,0,2492,BassSt_2013,0.17134831460674158,2013
BassSt,20,2013,632,18.581714599595767,0,2492,BassSt_2013,0.2536115569823435,2013
BassSt,25,2013,326,18.581714599595767,0,2492,BassSt_2013,0.13081861958266452,2013
BassSt,30,2013,253,18.581714599595767,0,2492,BassSt_2013,0.10152487961476725,2013
BassSt,35,2013,227,18.581714599595767,0,2492,BassSt_2013,0.09109149277688604,2013
BassSt,10,2017,202,14.913078586238163,0,4418,BassSt_2017,0.045722046174739704,2017
BassSt,12.5,2017,368,14.913078586238163,0,4418,BassSt_2017,0.08329560887279312,2017
BassSt,15,2017,714,14.913078586238163,0,4418,BassSt_2017,0.16161158895427796,2017
BassSt,20,2017,1074,14.913078586238163,0,4418,BassSt_2017,0.2430964237211408,2017
BassSt,25,2017,1002,14.913078586238163,0,4418,BassSt_2017,0.22679945676776822,2017
BassSt,30,2017,679,14.913078586238163,0,4418,BassSt_2017,0.15368945224083297,2017
BassSt,35,2017,379,14.913078586238163,0,4418,BassSt_2017,0.08578542326844726,2017
BassSt,10,2018,180,14.92699906139491,0,1653,BassSt_2018,0.1088929219600726,2018
BassSt,12.5,2018,235,14.92699906139491,0,1653,BassSt_2018,0.14216575922565033,2018
BassSt,15,2018,290,14.92699906139491,0,1653,BassSt_2018,0.17543859649122806,2018
BassSt,20,2018,307,14.92699906139491,0,1653,BassSt_2018,0.18572292800967938,2018
BassSt,25,2018,262,14.92699906139491,0,1653,BassSt_2018,0.15849969751966123,2018
BassSt,30,2018,222,14.92699906139491,0,1653,BassSt_2018,0.13430127041742287,2018
BassSt,35,2018,157,14.92699906139491,0,1653,BassSt_2018,0.09497882637628555,2018
Beware,10,2008,12,15.646231436405563,1,401,Beware_2008,0.029925187032418952,2008
Beware,12.5,2008,24,15.646231436405563,1,401,Beware_2008,0.059850374064837904,2008
Beware,15,2008,49,15.646231436405563,1,401,Beware_2008,0.12219451371571072,2008
Beware,20,2008,91,15.646231436405563,1,401,Beware_2008,0.22693266832917705,2008
Beware,25,2008,101,15.646231436405563,1,401,Beware_2008,0.2518703241895262,2008
Beware,30,2008,124,15.646231436405563,1,401,Beware_2008,0.3092269326683292,2008
Beware,10,2009,13,16.6261559559199,1,351,Beware_2009,0.037037037037037035,2009
Beware,12.5,2009,44,16.6261559559199,1,351,Beware_2009,0.12535612535612536,2009
Beware,15,2009,64,16.6261559559199,1,351,Beware_2009,0.18233618233618235,2009
Beware,20,2009,94,16.6261559559199,1,351,Beware_2009,0.2678062678062678,2009
Beware,25,2009,71,16.6261559559199,1,351,Beware_2009,0.2022792022792023,2009
Beware,30,2009,65,16.6261559559199,1,351,Beware_2009,0.18518518518518517,2009
Beware,10,2010,8,17.05579809751221,1,352,Beware_2010,0.022727272727272728,2010
Beware,12.5,2010,26,17.05579809751221,1,352,Beware_2010,0.07386363636363637,2010
Beware,15,2010,43,17.05579809751221,1,352,Beware_2010,0.12215909090909091,2010
Beware,20,2010,85,17.05579809751221,1,352,Beware_2010,0.24147727272727273,2010
Beware,25,2010,91,17.05579809751221,1,352,Beware_2010,0.2585227272727273,2010
Beware,30,2010,99,17.05579809751221,1,352,Beware_2010,0.28125,2010
Beware,10,2011,5,17.612014590545044,0,265,Beware_2011,0.018867924528301886,2011
Beware,12.5,2011,17,17.612014590545044,0,265,Beware_2011,0.06415094339622641,2011
Beware,15,2011,29,17.612014590545044,0,265,Beware_2011,0.10943396226415095,2011
Beware,20,2011,51,17.612014590545044,0,265,Beware_2011,0.19245283018867926,2011
Beware,25,2011,65,17.612014590545044,0,265,Beware_2011,0.24528301886792453,2011
Beware,30,2011,54,17.612014590545044,0,265,Beware_2011,0.2037735849056604,2011
Beware,35,2011,44,17.612014590545044,0,265,Beware_2011,0.1660377358490566,2011
Beware,10,2012,16,15.797337877499208,1,303,Beware_2012,0.052805280528052806,2012
Beware,12.5,2012,21,15.797337877499208,1,303,Beware_2012,0.06930693069306931,2012
Beware,15,2012,28,15.797337877499208,1,303,Beware_2012,0.0924092409240924,2012
Beware,20,2012,55,15.797337877499208,1,303,Beware_2012,0.18151815181518152,2012
Beware,25,2012,77,15.797337877499208,1,303,Beware_2012,0.25412541254125415,2012
Beware,30,2012,67,15.797337877499208,1,303,Beware_2012,0.22112211221122113,2012
Beware,35,2012,39,15.797337877499208,1,303,Beware_2012,0.12871287128712872,2012
Beware,10,2013,10,17.164818462673605,1,203,Beware_2013,0.04926108374384237,2013
Beware,12.5,2013,23,17.164818462673605,1,203,Beware_2013,0.11330049261083744,2013
Beware,15,2013,37,17.164818462673605,1,203,Beware_2013,0.18226600985221675,2013
Beware,20,2013,45,17.164818462673605,1,203,Beware_2013,0.22167487684729065,2013
Beware,25,2013,46,17.164818462673605,1,203,Beware_2013,0.22660098522167488,2013
Beware,30,2013,30,17.164818462673605,1,203,Beware_2013,0.1477832512315271,2013
Beware,35,2013,12,17.164818462673605,1,203,Beware_2013,0.059113300492610835,2013
Beware,7.5,2014,4,17.254586313932784,1,222,Beware_2014,0.018018018018018018,2014
Beware,10,2014,8,17.254586313932784,1,222,Beware_2014,0.036036036036036036,2014
Beware,12.5,2014,15,17.254586313932784,1,222,Beware_2014,0.06756756756756757,2014
Beware,15,2014,29,17.254586313932784,1,222,Beware_2014,0.13063063063063063,2014
Beware,20,2014,67,17.254586313932784,1,222,Beware_2014,0.30180180180180183,2014
Beware,25,2014,41,17.254586313932784,1,222,Beware_2014,0.18468468468468469,2014
Beware,30,2014,31,17.254586313932784,1,222,Beware_2014,0.13963963963963963,2014
Beware,35,2014,27,17.254586313932784,1,222,Beware_2014,0.12162162162162163,2014
Beware,10,2015,8,17.70764023336896,1,121,Beware_2015,0.06611570247933884,2015
Beware,12.5,2015,13,17.70764023336896,1,121,Beware_2015,0.10743801652892562,2015
Beware,15,2015,24,17.70764023336896,1,121,Beware_2015,0.19834710743801653,2015
Beware,20,2015,27,17.70764023336896,1,121,Beware_2015,0.2231404958677686,2015
Beware,25,2015,25,17.70764023336896,1,121,Beware_2015,0.2066115702479339,2015
Beware,30,2015,24,17.70764023336896,1,121,Beware_2015,0.19834710743801653,2015
Beware,10,2016,2,18.10283155268901,1,90,Beware_2016,0.022222222222222223,2016
Beware,12.5,2016,12,18.10283155268901,1,90,Beware_2016,0.13333333333333333,2016
Beware,15,2016,24,18.10283155268901,1,90,Beware_2016,0.26666666666666666,2016
Beware,20,2016,27,18.10283155268901,1,90,Beware_2016,0.3,2016
Beware,25,2016,25,18.10283155268901,1,90,Beware_2016,0.2777777777777778,2016
Beware,10,2017,2,16.075080285855236,1,92,Beware_2017,0.021739130434782608,2017
Beware,12.5,2017,9,16.075080285855236,1,92,Beware_2017,0.09782608695652174,2017
Beware,15,2017,11,16.075080285855236,1,92,Beware_2017,0.11956521739130435,2017
Beware,20,2017,16,16.075080285855236,1,92,Beware_2017,0.17391304347826086,2017
Beware,25,2017,17,16.075080285855236,1,92,Beware_2017,0.18478260869565216,2017
Beware,30,2017,25,16.075080285855236,1,92,Beware_2017,0.2717391304347826,2017
Beware,35,2017,12,16.075080285855236,1,92,Beware_2017,0.13043478260869565,2017
Beware,10,2018,1,19.1434519530629,1,64,Beware_2018,0.015625,2018
Beware,12.5,2018,10,19.1434519530629,1,64,Beware_2018,0.15625,2018
Beware,15,2018,10,19.1434519530629,1,64,Beware_2018,0.15625,2018
Beware,20,2018,12,19.1434519530629,1,64,Beware_2018,0.1875,2018
Beware,25,2018,12,19.1434519530629,1,64,Beware_2018,0.1875,2018
Beware,30,2018,11,19.1434519530629,1,64,Beware_2018,0.171875,2018
Beware,35,2018,8,19.1434519530629,1,64,Beware_2018,0.125,2018
Bichen,20,1993,6,14.985376009136788,1,27,Bichen_1993,0.2222222222222222,1993
Bichen,25,1993,11,14.985376009136788,1,27,Bichen_1993,0.4074074074074074,1993
Bichen,30,1993,10,14.985376009136788,1,27,Bichen_1993,0.37037037037037035,1993
Bichen,15,1997,1,13.588023889832375,1,20,Bichen_1997,0.05,1997
Bichen,20,1997,3,13.588023889832375,1,20,Bichen_1997,0.15,1997
Bichen,25,1997,4,13.588023889832375,1,20,Bichen_1997,0.2,1997
Bichen,30,1997,8,13.588023889832375,1,20,Bichen_1997,0.4,1997
Bichen,35,1997,4,13.588023889832375,1,20,Bichen_1997,0.2,1997
Bichen,12.5,1999,1,14.4725803216739,1,23,Bichen_1999,0.043478260869565216,1999
Bichen,15,1999,1,14.4725803216739,1,23,Bichen_1999,0.043478260869565216,1999
Bichen,20,1999,5,14.4725803216739,1,23,Bichen_1999,0.21739130434782608,1999
Bichen,25,1999,7,14.4725803216739,1,23,Bichen_1999,0.30434782608695654,1999
Bichen,30,1999,8,14.4725803216739,1,23,Bichen_1999,0.34782608695652173,1999
Bichen,35,1999,1,14.4725803216739,1,23,Bichen_1999,0.043478260869565216,1999
Bichen,15,2000,1,17.6816662714506,1,62,Bichen_2000,0.016129032258064516,2000
Bichen,20,2000,3,17.6816662714506,1,62,Bichen_2000,0.04838709677419355,2000
Bichen,25,2000,32,17.6816662714506,1,62,Bichen_2000,0.5161290322580645,2000
Bichen,30,2000,22,17.6816662714506,1,62,Bichen_2000,0.3548387096774194,2000
Bichen,35,2000,4,17.6816662714506,1,62,Bichen_2000,0.06451612903225806,2000
Bichen,12.5,2001,2,15.761904734542604,1,52,Bichen_2001,0.038461538461538464,2001
Bichen,15,2001,2,15.761904734542604,1,52,Bichen_2001,0.038461538461538464,2001
Bichen,20,2001,6,15.761904734542604,1,52,Bichen_2001,0.11538461538461539,2001
Bichen,25,2001,16,15.761904734542604,1,52,Bichen_2001,0.3076923076923077,2001
Bichen,30,2001,21,15.761904734542604,1,52,Bichen_2001,0.40384615384615385,2001
Bichen,35,2001,5,15.761904734542604,1,52,Bichen_2001,0.09615384615384616,2001
Bichen,10,2002,3,17.6678567479498,1,26,Bichen_2002,0.11538461538461539,2002
Bichen,12.5,2002,2,17.6678567479498,1,26,Bichen_2002,0.07692307692307693,2002
Bichen,15,2002,1,17.6678567479498,1,26,Bichen_2002,0.038461538461538464,2002
Bichen,20,2002,6,17.6678567479498,1,26,Bichen_2002,0.23076923076923078,2002
Bichen,25,2002,3,17.6678567479498,1,26,Bichen_2002,0.11538461538461539,2002
Bichen,30,2002,11,17.6678567479498,1,26,Bichen_2002,0.4230769230769231,2002
Bichen,10,2006,7,14.266920725656313,1,70,Bichen_2006,0.1,2006
Bichen,12.5,2006,7,14.266920725656313,1,70,Bichen_2006,0.1,2006
Bichen,15,2006,8,14.266920725656313,1,70,Bichen_2006,0.11428571428571428,2006
Bichen,20,2006,17,14.266920725656313,1,70,Bichen_2006,0.24285714285714285,2006
Bichen,25,2006,19,14.266920725656313,1,70,Bichen_2006,0.2714285714285714,2006
Bichen,30,2006,12,14.266920725656313,1,70,Bichen_2006,0.17142857142857143,2006
Bichen,10,2007,2,18.1559995941818,1,43,Bichen_2007,0.046511627906976744,2007
Bichen,12.5,2007,4,18.1559995941818,1,43,Bichen_2007,0.09302325581395349,2007
Bichen,15,2007,12,18.1559995941818,1,43,Bichen_2007,0.27906976744186046,2007
Bichen,20,2007,11,18.1559995941818,1,43,Bichen_2007,0.2558139534883721,2007
Bichen,25,2007,9,18.1559995941818,1,43,Bichen_2007,0.20930232558139536,2007
Bichen,30,2007,5,18.1559995941818,1,43,Bichen_2007,0.11627906976744186,2007
Bichen,12.5,2011,1,17.0467738125233,1,36,Bichen_2011,0.027777777777777776,2011
Bichen,15,2011,2,17.0467738125233,1,36,Bichen_2011,0.05555555555555555,2011
Bichen,20,2011,3,17.0467738125233,1,36,Bichen_2011,0.08333333333333333,2011
Bichen,25,2011,9,17.0467738125233,1,36,Bichen_2011,0.25,2011
Bichen,30,2011,10,17.0467738125233,1,36,Bichen_2011,0.2777777777777778,2011
Bichen,35,2011,11,17.0467738125233,1,36,Bichen_2011,0.3055555555555556,2011
Bichen,10,2012,1,16.9286662882815,1,55,Bichen_2012,0.01818181818181818,2012
Bichen,15,2012,4,16.9286662882815,1,55,Bichen_2012,0.07272727272727272,2012
Bichen,20,2012,9,16.9286662882815,1,55,Bichen_2012,0.16363636363636364,2012
Bichen,25,2012,9,16.9286662882815,1,55,Bichen_2012,0.16363636363636364,2012
Bichen,30,2012,19,16.9286662882815,1,55,Bichen_2012,0.34545454545454546,2012
Bichen,35,2012,13,16.9286662882815,1,55,Bichen_2012,0.23636363636363636,2012
Bichen,10,2013,1,17.22016872555869,1,66,Bichen_2013,0.015151515151515152,2013
Bichen,12.5,2013,2,17.22016872555869,1,66,Bichen_2013,0.030303030303030304,2013
Bichen,15,2013,6,17.22016872555869,1,66,Bichen_2013,0.09090909090909091,2013
Bichen,20,2013,9,17.22016872555869,1,66,Bichen_2013,0.13636363636363635,2013
Bichen,25,2013,15,17.22016872555869,1,66,Bichen_2013,0.22727272727272727,2013
Bichen,30,2013,15,17.22016872555869,1,66,Bichen_2013,0.22727272727272727,2013
Bichen,35,2013,18,17.22016872555869,1,66,Bichen_2013,0.2727272727272727,2013
Bichen,10,2016,6,14.96450271695586,1,37,Bichen_2016,0.16216216216216217,2016
Bichen,12.5,2016,3,14.96450271695586,1,37,Bichen_2016,0.08108108108108109,2016
Bichen,15,2016,5,14.96450271695586,1,37,Bichen_2016,0.13513513513513514,2016
Bichen,20,2016,17,14.96450271695586,1,37,Bichen_2016,0.4594594594594595,2016
Bichen,25,2016,6,14.96450271695586,1,37,Bichen_2016,0.16216216216216217,2016
Bichen,10,2017,1,16.0341931899949,1,68,Bichen_2017,0.014705882352941176,2017
Bichen,12.5,2017,5,16.0341931899949,1,68,Bichen_2017,0.07352941176470588,2017
Bichen,15,2017,12,16.0341931899949,1,68,Bichen_2017,0.17647058823529413,2017
Bichen,20,2017,11,16.0341931899949,1,68,Bichen_2017,0.16176470588235295,2017
Bichen,25,2017,4,16.0341931899949,1,68,Bichen_2017,0.058823529411764705,2017
Bichen,30,2017,19,16.0341931899949,1,68,Bichen_2017,0.27941176470588236,2017
Bichen,35,2017,16,16.0341931899949,1,68,Bichen_2017,0.23529411764705882,2017
Maria ,10,1992,136,14.858114194168339,0,1590,Maria _1992,0.08553459119496855,1992
Maria ,12.5,1992,210,14.858114194168339,0,1590,Maria _1992,0.1320754716981132,1992
Maria ,15,1992,327,14.858114194168339,0,1590,Maria _1992,0.20566037735849058,1992
Maria ,20,1992,350,14.858114194168339,0,1590,Maria _1992,0.22012578616352202,1992
Maria ,25,1992,337,14.858114194168339,0,1590,Maria _1992,0.2119496855345912,1992
Maria ,30,1992,230,14.858114194168339,0,1590,Maria _1992,0.14465408805031446,1992
Maria ,12.5,1993,92,13.444263500804,0,1417,Maria _1993,0.06492589978828511,1993
Maria ,15,1993,158,13.444263500804,0,1417,Maria _1993,0.11150317572335922,1993
Maria ,20,1993,389,13.444263500804,0,1417,Maria _1993,0.2745236414961186,1993
Maria ,25,1993,497,13.444263500804,0,1417,Maria _1993,0.3507410021171489,1993
Maria ,30,1993,281,13.444263500804,0,1417,Maria _1993,0.19830628087508823,1993
Maria ,10,1994,44,15.61034995212146,0,609,Maria _1994,0.0722495894909688,1994
Maria ,12.5,1994,53,15.61034995212146,0,609,Maria _1994,0.08702791461412152,1994
Maria ,15,1994,89,15.61034995212146,0,609,Maria _1994,0.14614121510673234,1994
Maria ,20,1994,149,15.61034995212146,0,609,Maria _1994,0.24466338259441708,1994
Maria ,25,1994,159,15.61034995212146,0,609,Maria _1994,0.26108374384236455,1994
Maria ,30,1994,79,15.61034995212146,0,609,Maria _1994,0.1297208538587849,1994
Maria ,35,1994,36,15.61034995212146,0,609,Maria _1994,0.059113300492610835,1994
Maria ,10,1995,57,13.408785996864395,0,430,Maria _1995,0.1325581395348837,1995
Maria ,12.5,1995,88,13.408785996864395,0,430,Maria _1995,0.20465116279069767,1995
Maria ,15,1995,52,13.408785996864395,0,430,Maria _1995,0.12093023255813953,1995
Maria ,20,1995,73,13.408785996864395,0,430,Maria _1995,0.1697674418604651,1995
Maria ,25,1995,77,13.408785996864395,0,430,Maria _1995,0.17906976744186046,1995
Maria ,30,1995,83,13.408785996864395,0,430,Maria _1995,0.1930232558139535,1995
Maria ,12.5,1996,72,15.228125200750418,0,616,Maria _1996,0.11688311688311688,1996
Maria ,15,1996,94,15.228125200750418,0,616,Maria _1996,0.1525974025974026,1996
Maria ,20,1996,105,15.228125200750418,0,616,Maria _1996,0.17045454545454544,1996
Maria ,25,1996,128,15.228125200750418,0,616,Maria _1996,0.2077922077922078,1996
Maria ,30,1996,139,15.228125200750418,0,616,Maria _1996,0.22564935064935066,1996
Maria ,35,1996,78,15.228125200750418,0,616,Maria _1996,0.1266233766233766,1996
Maria ,10,1997,58,13.727954173024823,0,857,Maria _1997,0.0676779463243874,1997
Maria ,12.5,1997,39,13.727954173024823,0,857,Maria _1997,0.045507584597432905,1997
Maria ,15,1997,98,13.727954173024823,0,857,Maria _1997,0.11435239206534423,1997
Maria ,20,1997,190,13.727954173024823,0,857,Maria _1997,0.22170361726954493,1997
Maria ,25,1997,217,13.727954173024823,0,857,Maria _1997,0.2532088681446908,1997
Maria ,30,1997,163,13.727954173024823,0,857,Maria _1997,0.19019836639439908,1997
Maria ,35,1997,92,13.727954173024823,0,857,Maria _1997,0.1073512252042007,1997
Maria ,12.5,1998,18,14.095562329082544,0,359,Maria _1998,0.05013927576601671,1998
Maria ,15,1998,25,14.095562329082544,0,359,Maria _1998,0.06963788300835655,1998
Maria ,20,1998,54,14.095562329082544,0,359,Maria _1998,0.15041782729805014,1998
Maria ,25,1998,109,14.095562329082544,0,359,Maria _1998,0.30362116991643456,1998
Maria ,30,1998,100,14.095562329082544,0,359,Maria _1998,0.2785515320334262,1998
Maria ,35,1998,53,14.095562329082544,0,359,Maria _1998,0.14763231197771587,1998
Maria ,12.5,1999,190,14.070858642017365,0,974,Maria _1999,0.19507186858316222,1999
Maria ,15,1999,196,14.070858642017365,0,974,Maria _1999,0.20123203285420946,1999
Maria ,20,1999,142,14.070858642017365,0,974,Maria _1999,0.1457905544147844,1999
Maria ,25,1999,176,14.070858642017365,0,974,Maria _1999,0.1806981519507187,1999
Maria ,30,1999,178,14.070858642017365,0,974,Maria _1999,0.18275154004106775,1999
Maria ,35,1999,92,14.070858642017365,0,974,Maria _1999,0.0944558521560575,1999
Maria ,12.5,2000,154,15.917926770212738,0,1567,Maria _2000,0.0982769623484365,2000
Maria ,15,2000,276,15.917926770212738,0,1567,Maria _2000,0.1761327377153797,2000
Maria ,20,2000,391,15.917926770212738,0,1567,Maria _2000,0.24952137843012126,2000
Maria ,25,2000,374,15.917926770212738,0,1567,Maria _2000,0.23867262284620294,2000
Maria ,30,2000,268,15.917926770212738,0,1567,Maria _2000,0.17102744097000638,2000
Maria ,35,2000,104,15.917926770212738,0,1567,Maria _2000,0.06636885768985322,2000
Maria ,10,2001,159,14.905954568786765,0,1700,Maria _2001,0.09352941176470589,2001
Maria ,12.5,2001,218,14.905954568786765,0,1700,Maria _2001,0.12823529411764706,2001
Maria ,15,2001,267,14.905954568786765,0,1700,Maria _2001,0.15705882352941178,2001
Maria ,20,2001,424,14.905954568786765,0,1700,Maria _2001,0.24941176470588236,2001
Maria ,25,2001,393,14.905954568786765,0,1700,Maria _2001,0.2311764705882353,2001
Maria ,30,2001,171,14.905954568786765,0,1700,Maria _2001,0.10058823529411764,2001
Maria ,35,2001,68,14.905954568786765,0,1700,Maria _2001,0.04,2001
Maria ,10,2002,133,17.01953203686345,0,1288,Maria _2002,0.10326086956521739,2002
Maria ,12.5,2002,250,17.01953203686345,0,1288,Maria _2002,0.19409937888198758,2002
Maria ,15,2002,299,17.01953203686345,0,1288,Maria _2002,0.23214285714285715,2002
Maria ,20,2002,300,17.01953203686345,0,1288,Maria _2002,0.2329192546583851,2002
Maria ,25,2002,199,17.01953203686345,0,1288,Maria _2002,0.1545031055900621,2002
Maria ,30,2002,107,17.01953203686345,0,1288,Maria _2002,0.08307453416149069,2002
Maria ,12.5,2004,66,16.171411758069958,0,697,Maria _2004,0.09469153515064563,2004
Maria ,15,2004,139,16.171411758069958,0,697,Maria _2004,0.1994261119081779,2004
Maria ,20,2004,167,16.171411758069958,0,697,Maria _2004,0.23959827833572453,2004
Maria ,25,2004,216,16.171411758069958,0,697,Maria _2004,0.3098995695839311,2004
Maria ,30,2004,109,16.171411758069958,0,697,Maria _2004,0.1563845050215208,2004
Maria ,10,2005,47,16.7399996258318,0,739,Maria _2005,0.06359945872801083,2005
Maria ,12.5,2005,63,16.7399996258318,0,739,Maria _2005,0.08525033829499323,2005
Maria ,15,2005,102,16.7399996258318,0,739,Maria _2005,0.13802435723951287,2005
Maria ,20,2005,164,16.7399996258318,0,739,Maria _2005,0.2219215155615697,2005
Maria ,25,2005,218,16.7399996258318,0,739,Maria _2005,0.29499323410013534,2005
Maria ,30,2005,145,16.7399996258318,0,739,Maria _2005,0.19621109607577808,2005
Maria ,10,2006,76,15.460249021750736,0,905,Maria _2006,0.08397790055248619,2006
Maria ,12.5,2006,148,15.460249021750736,0,905,Maria _2006,0.16353591160220995,2006
Maria ,15,2006,162,15.460249021750736,0,905,Maria _2006,0.17900552486187846,2006
Maria ,20,2006,199,15.460249021750736,0,905,Maria _2006,0.21988950276243094,2006
Maria ,25,2006,182,15.460249021750736,0,905,Maria _2006,0.2011049723756906,2006
Maria ,30,2006,138,15.460249021750736,0,905,Maria _2006,0.15248618784530388,2006
Maria ,10,2007,39,18.101288443405544,0,412,Maria _2007,0.09466019417475728,2007
Maria ,12.5,2007,77,18.101288443405544,0,412,Maria _2007,0.18689320388349515,2007
Maria ,15,2007,70,18.101288443405544,0,412,Maria _2007,0.16990291262135923,2007
Maria ,20,2007,86,18.101288443405544,0,412,Maria _2007,0.2087378640776699,2007
Maria ,25,2007,66,18.101288443405544,0,412,Maria _2007,0.16019417475728157,2007
Maria ,30,2007,74,18.101288443405544,0,412,Maria _2007,0.1796116504854369,2007
Maria ,10,2008,121,16.821501744844205,0,905,Maria _2008,0.13370165745856355,2008
Maria ,12.5,2008,171,16.821501744844205,0,905,Maria _2008,0.18895027624309393,2008
Maria ,15,2008,195,16.821501744844205,0,905,Maria _2008,0.2154696132596685,2008
Maria ,20,2008,179,16.821501744844205,0,905,Maria _2008,0.19779005524861878,2008
Maria ,25,2008,137,16.821501744844205,0,905,Maria _2008,0.15138121546961325,2008
Maria ,30,2008,102,16.821501744844205,0,905,Maria _2008,0.112707182320442,2008
Maria ,10,2009,111,15.12618283058959,0,1009,Maria _2009,0.11000991080277503,2009
Maria ,12.5,2009,165,15.12618283058959,0,1009,Maria _2009,0.1635282457879088,2009
Maria ,15,2009,204,15.12618283058959,0,1009,Maria _2009,0.20218037661050545,2009
Maria ,20,2009,207,15.12618283058959,0,1009,Maria _2009,0.2051536174430129,2009
Maria ,25,2009,198,15.12618283058959,0,1009,Maria _2009,0.1962338949454906,2009
Maria ,30,2009,124,15.12618283058959,0,1009,Maria _2009,0.12289395441030723,2009
Maria ,10,2010,66,16.131465678758477,0,881,Maria _2010,0.07491486946651532,2010
Maria ,12.5,2010,148,16.131465678758477,0,881,Maria _2010,0.16799091940976163,2010
Maria ,15,2010,198,16.131465678758477,0,881,Maria _2010,0.22474460839954596,2010
Maria ,20,2010,206,16.131465678758477,0,881,Maria _2010,0.23382519863791146,2010
Maria ,25,2010,161,16.131465678758477,0,881,Maria _2010,0.18274687854710556,2010
Maria ,30,2010,102,16.131465678758477,0,881,Maria _2010,0.11577752553916004,2010
Maria ,10,2011,73,15.722409843196152,0,981,Maria _2011,0.0744138634046891,2011
Maria ,12.5,2011,97,15.722409843196152,0,981,Maria _2011,0.09887869520897044,2011
Maria ,15,2011,127,15.722409843196152,0,981,Maria _2011,0.12945973496432212,2011
Maria ,20,2011,202,15.722409843196152,0,981,Maria _2011,0.20591233435270132,2011
Maria ,25,2011,215,15.722409843196152,0,981,Maria _2011,0.21916411824668705,2011
Maria ,30,2011,166,15.722409843196152,0,981,Maria _2011,0.1692150866462793,2011
Maria ,35,2011,101,15.722409843196152,0,981,Maria _2011,0.10295616717635066,2011
Maria ,10,2012,101,17.429421222224345,0,1172,Maria _2012,0.08617747440273038,2012
Maria ,12.5,2012,117,17.429421222224345,0,1172,Maria _2012,0.09982935153583618,2012
Maria ,15,2012,243,17.429421222224345,0,1172,Maria _2012,0.20733788395904437,2012
Maria ,20,2012,248,17.429421222224345,0,1172,Maria _2012,0.21160409556313994,2012
Maria ,25,2012,204,17.429421222224345,0,1172,Maria _2012,0.17406143344709898,2012
Maria ,30,2012,163,17.429421222224345,0,1172,Maria _2012,0.13907849829351535,2012
Maria ,35,2012,96,17.429421222224345,0,1172,Maria _2012,0.08191126279863481,2012
Maria ,10,2013,23,17.018674547763904,0,928,Maria _2013,0.02478448275862069,2013
Maria ,12.5,2013,95,17.018674547763904,0,928,Maria _2013,0.10237068965517242,2013
Maria ,15,2013,167,17.018674547763904,0,928,Maria _2013,0.17995689655172414,2013
Maria ,20,2013,176,17.018674547763904,0,928,Maria _2013,0.1896551724137931,2013
Maria ,25,2013,208,17.018674547763904,0,928,Maria _2013,0.22413793103448276,2013
Maria ,30,2013,181,17.018674547763904,0,928,Maria _2013,0.19504310344827586,2013
Maria ,35,2013,78,17.018674547763904,0,928,Maria _2013,0.08405172413793104,2013
Maria ,7.5,2014,188,15.26182995402748,0,1761,Maria _2014,0.10675752413401476,2014
Maria ,10,2014,159,15.26182995402748,0,1761,Maria _2014,0.09028960817717206,2014
Maria ,12.5,2014,214,15.26182995402748,0,1761,Maria _2014,0.12152186257808063,2014
Maria ,15,2014,269,15.26182995402748,0,1761,Maria _2014,0.15275411697898922,2014
Maria ,20,2014,289,15.26182995402748,0,1761,Maria _2014,0.1641113003975014,2014
Maria ,25,2014,349,15.26182995402748,0,1761,Maria _2014,0.19818285065303803,2014
Maria ,30,2014,195,15.26182995402748,0,1761,Maria _2014,0.11073253833049404,2014
Maria ,35,2014,98,15.26182995402748,0,1761,Maria _2014,0.055650198750709826,2014
Maria ,10,2015,336,16.9579996209592,0,1190,Maria _2015,0.2823529411764706,2015
Maria ,12.5,2015,145,16.9579996209592,0,1190,Maria _2015,0.12184873949579832,2015
Maria ,15,2015,247,16.9579996209592,0,1190,Maria _2015,0.20756302521008405,2015
Maria ,20,2015,236,16.9579996209592,0,1190,Maria _2015,0.19831932773109243,2015
Maria ,25,2015,163,16.9579996209592,0,1190,Maria _2015,0.1369747899159664,2015
Maria ,30,2015,63,16.9579996209592,0,1190,Maria _2015,0.052941176470588235,2015
Maria ,7.5,2016,50,17.7379996035248,0,662,Maria _2016,0.0755287009063444,2016
Maria ,10,2016,100,17.7379996035248,0,662,Maria _2016,0.1510574018126888,2016
Maria ,12.5,2016,149,17.7379996035248,0,662,Maria _2016,0.22507552870090636,2016
Maria ,15,2016,182,17.7379996035248,0,662,Maria _2016,0.27492447129909364,2016
Maria ,20,2016,119,17.7379996035248,0,662,Maria _2016,0.1797583081570997,2016
Maria ,25,2016,62,17.7379996035248,0,662,Maria _2016,0.09365558912386707,2016
Maria ,10,2017,76,17.9541931470796,0,1058,Maria _2017,0.07183364839319471,2017
Maria ,12.5,2017,107,17.9541931470796,0,1058,Maria _2017,0.10113421550094517,2017
Maria ,15,2017,209,17.9541931470796,0,1058,Maria _2017,0.19754253308128544,2017
Maria ,20,2017,267,17.9541931470796,0,1058,Maria _2017,0.2523629489603025,2017
Maria ,25,2017,167,17.9541931470796,0,1058,Maria _2017,0.15784499054820417,2017
Maria ,30,2017,157,17.9541931470796,0,1058,Maria _2017,0.14839319470699433,2017
Maria ,35,2017,75,17.9541931470796,0,1058,Maria _2017,0.07088846880907372,2017
Maria ,10,2018,74,17.596739780426173,0,885,Maria _2018,0.08361581920903954,2018
Maria ,12.5,2018,74,17.596739780426173,0,885,Maria _2018,0.08361581920903954,2018
Maria ,15,2018,130,17.596739780426173,0,885,Maria _2018,0.14689265536723164,2018
Maria ,20,2018,156,17.596739780426173,0,885,Maria _2018,0.17627118644067796,2018
Maria ,25,2018,140,17.596739780426173,0,885,Maria _2018,0.15819209039548024,2018
Maria ,30,2018,180,17.596739780426173,0,885,Maria _2018,0.2033898305084746,2018
Maria ,35,2018,131,17.596739780426173,0,885,Maria _2018,0.1480225988700565,2018
Ninepi,10,1992,55,13.427619058596898,1,553,Ninepi_1992,0.09945750452079566,1992
Ninepi,12.5,1992,84,13.427619058596898,1,553,Ninepi_1992,0.1518987341772152,1992
Ninepi,15,1992,134,13.427619058596898,1,553,Ninepi_1992,0.2423146473779385,1992
Ninepi,20,1992,155,13.427619058596898,1,553,Ninepi_1992,0.28028933092224234,1992
Ninepi,25,1992,103,13.427619058596898,1,553,Ninepi_1992,0.18625678119349007,1992
Ninepi,30,1992,22,13.427619058596898,1,553,Ninepi_1992,0.039783001808318265,1992
Ninepi,12.5,1993,52,13.178177718175338,1,299,Ninepi_1993,0.17391304347826086,1993
Ninepi,15,1993,55,13.178177718175338,1,299,Ninepi_1993,0.18394648829431437,1993
Ninepi,20,1993,109,13.178177718175338,1,299,Ninepi_1993,0.36454849498327757,1993
Ninepi,25,1993,66,13.178177718175338,1,299,Ninepi_1993,0.22073578595317725,1993
Ninepi,30,1993,17,13.178177718175338,1,299,Ninepi_1993,0.056856187290969896,1993
Ninepi,10,1994,35,14.130785331914108,1,254,Ninepi_1994,0.13779527559055119,1994
Ninepi,12.5,1994,41,14.130785331914108,1,254,Ninepi_1994,0.16141732283464566,1994
Ninepi,15,1994,35,14.130785331914108,1,254,Ninepi_1994,0.13779527559055119,1994
Ninepi,20,1994,58,14.130785331914108,1,254,Ninepi_1994,0.2283464566929134,1994
Ninepi,25,1994,21,14.130785331914108,1,254,Ninepi_1994,0.08267716535433071,1994
Ninepi,30,1994,43,14.130785331914108,1,254,Ninepi_1994,0.16929133858267717,1994
Ninepi,35,1994,21,14.130785331914108,1,254,Ninepi_1994,0.08267716535433071,1994
Ninepi,10,1995,4,12.2439997263253,1,65,Ninepi_1995,0.06153846153846154,1995
Ninepi,12.5,1995,5,12.2439997263253,1,65,Ninepi_1995,0.07692307692307693,1995
Ninepi,15,1995,17,12.2439997263253,1,65,Ninepi_1995,0.26153846153846155,1995
Ninepi,20,1995,16,12.2439997263253,1,65,Ninepi_1995,0.24615384615384617,1995
Ninepi,25,1995,14,12.2439997263253,1,65,Ninepi_1995,0.2153846153846154,1995
Ninepi,30,1995,9,12.2439997263253,1,65,Ninepi_1995,0.13846153846153847,1995
Ninepi,12.5,1996,9,12.4312900447197,1,83,Ninepi_1996,0.10843373493975904,1996
Ninepi,15,1996,9,12.4312900447197,1,83,Ninepi_1996,0.10843373493975904,1996
Ninepi,20,1996,19,12.4312900447197,1,83,Ninepi_1996,0.2289156626506024,1996
Ninepi,25,1996,22,12.4312900447197,1,83,Ninepi_1996,0.26506024096385544,1996
Ninepi,30,1996,16,12.4312900447197,1,83,Ninepi_1996,0.1927710843373494,1996
Ninepi,35,1996,8,12.4312900447197,1,83,Ninepi_1996,0.0963855421686747,1996
Ninepi,10,1997,32,12.722654315928171,1,221,Ninepi_1997,0.14479638009049775,1997
Ninepi,12.5,1997,24,12.722654315928171,1,221,Ninepi_1997,0.1085972850678733,1997
Ninepi,15,1997,25,12.722654315928171,1,221,Ninepi_1997,0.11312217194570136,1997
Ninepi,20,1997,36,12.722654315928171,1,221,Ninepi_1997,0.16289592760180996,1997
Ninepi,25,1997,47,12.722654315928171,1,221,Ninepi_1997,0.21266968325791855,1997
Ninepi,30,1997,40,12.722654315928171,1,221,Ninepi_1997,0.18099547511312217,1997
Ninepi,35,1997,17,12.722654315928171,1,221,Ninepi_1997,0.07692307692307693,1997
Ninepi,12.5,1999,16,14.616321586536696,1,145,Ninepi_1999,0.1103448275862069,1999
Ninepi,15,1999,26,14.616321586536696,1,145,Ninepi_1999,0.1793103448275862,1999
Ninepi,20,1999,37,14.616321586536696,1,145,Ninepi_1999,0.25517241379310346,1999
Ninepi,25,1999,37,14.616321586536696,1,145,Ninepi_1999,0.25517241379310346,1999
Ninepi,30,1999,23,14.616321586536696,1,145,Ninepi_1999,0.15862068965517243,1999
Ninepi,35,1999,6,14.616321586536696,1,145,Ninepi_1999,0.041379310344827586,1999
Ninepi,12.5,2000,2,16.1319351232941,1,51,Ninepi_2000,0.0392156862745098,2000
Ninepi,15,2000,2,16.1319351232941,1,51,Ninepi_2000,0.0392156862745098,2000
Ninepi,20,2000,7,16.1319351232941,1,51,Ninepi_2000,0.13725490196078433,2000
Ninepi,25,2000,20,16.1319351232941,1,51,Ninepi_2000,0.39215686274509803,2000
Ninepi,30,2000,15,16.1319351232941,1,51,Ninepi_2000,0.29411764705882354,2000
Ninepi,35,2000,5,16.1319351232941,1,51,Ninepi_2000,0.09803921568627451,2000
Ninepi,10,2001,15,16.9180641379808,1,143,Ninepi_2001,0.1048951048951049,2001
Ninepi,12.5,2001,10,16.9180641379808,1,143,Ninepi_2001,0.06993006993006994,2001
Ninepi,15,2001,8,16.9180641379808,1,143,Ninepi_2001,0.055944055944055944,2001
Ninepi,20,2001,21,16.9180641379808,1,143,Ninepi_2001,0.14685314685314685,2001
Ninepi,25,2001,51,16.9180641379808,1,143,Ninepi_2001,0.35664335664335667,2001
Ninepi,30,2001,22,16.9180641379808,1,143,Ninepi_2001,0.15384615384615385,2001
Ninepi,35,2001,16,16.9180641379808,1,143,Ninepi_2001,0.11188811188811189,2001
Ninepi,10,2002,15,16.0639282123718,1,196,Ninepi_2002,0.07653061224489796,2002
Ninepi,12.5,2002,29,16.0639282123718,1,196,Ninepi_2002,0.14795918367346939,2002
Ninepi,15,2002,41,16.0639282123718,1,196,Ninepi_2002,0.20918367346938777,2002
Ninepi,20,2002,53,16.0639282123718,1,196,Ninepi_2002,0.27040816326530615,2002
Ninepi,25,2002,42,16.0639282123718,1,196,Ninepi_2002,0.21428571428571427,2002
Ninepi,30,2002,16,16.0639282123718,1,196,Ninepi_2002,0.08163265306122448,2002
Ninepi,12.5,2004,13,15.2277415951173,1,136,Ninepi_2004,0.09558823529411764,2004
Ninepi,15,2004,25,15.2277415951173,1,136,Ninepi_2004,0.18382352941176472,2004
Ninepi,20,2004,42,15.2277415951173,1,136,Ninepi_2004,0.3088235294117647,2004
Ninepi,25,2004,40,15.2277415951173,1,136,Ninepi_2004,0.29411764705882354,2004
Ninepi,30,2004,16,15.2277415951173,1,136,Ninepi_2004,0.11764705882352941,2004
Ninepi,10,2005,117,14.4699996765703,1,414,Ninepi_2005,0.2826086956521739,2005
Ninepi,12.5,2005,87,14.4699996765703,1,414,Ninepi_2005,0.21014492753623187,2005
Ninepi,15,2005,69,14.4699996765703,1,414,Ninepi_2005,0.16666666666666666,2005
Ninepi,20,2005,56,14.4699996765703,1,414,Ninepi_2005,0.13526570048309178,2005
Ninepi,25,2005,59,14.4699996765703,1,414,Ninepi_2005,0.14251207729468598,2005
Ninepi,30,2005,26,14.4699996765703,1,414,Ninepi_2005,0.06280193236714976,2005
Ninepi,10,2006,80,16.183806089876672,1,570,Ninepi_2006,0.14035087719298245,2006
Ninepi,12.5,2006,119,16.183806089876672,1,570,Ninepi_2006,0.20877192982456141,2006
Ninepi,15,2006,126,16.183806089876672,1,570,Ninepi_2006,0.22105263157894736,2006
Ninepi,20,2006,121,16.183806089876672,1,570,Ninepi_2006,0.21228070175438596,2006
Ninepi,25,2006,73,16.183806089876672,1,570,Ninepi_2006,0.1280701754385965,2006
Ninepi,30,2006,51,16.183806089876672,1,570,Ninepi_2006,0.08947368421052632,2006
Ninepi,10,2007,39,16.5961286613057,1,150,Ninepi_2007,0.26,2007
Ninepi,12.5,2007,35,16.5961286613057,1,150,Ninepi_2007,0.23333333333333334,2007
Ninepi,15,2007,34,16.5961286613057,1,150,Ninepi_2007,0.22666666666666666,2007
Ninepi,20,2007,17,16.5961286613057,1,150,Ninepi_2007,0.11333333333333333,2007
Ninepi,25,2007,16,16.5961286613057,1,150,Ninepi_2007,0.10666666666666667,2007
Ninepi,30,2007,9,16.5961286613057,1,150,Ninepi_2007,0.06,2007
Ninepi,10,2008,45,15.9464512564723,1,341,Ninepi_2008,0.13196480938416422,2008
Ninepi,12.5,2008,75,15.9464512564723,1,341,Ninepi_2008,0.21994134897360704,2008
Ninepi,15,2008,62,15.9464512564723,1,341,Ninepi_2008,0.18181818181818182,2008
Ninepi,20,2008,64,15.9464512564723,1,341,Ninepi_2008,0.187683284457478,2008
Ninepi,25,2008,61,15.9464512564723,1,341,Ninepi_2008,0.17888563049853373,2008
Ninepi,30,2008,34,15.9464512564723,1,341,Ninepi_2008,0.09970674486803519,2008
Ninepi,10,2009,69,14.8056663357342,1,359,Ninepi_2009,0.19220055710306408,2009
Ninepi,12.5,2009,57,14.8056663357342,1,359,Ninepi_2009,0.15877437325905291,2009
Ninepi,15,2009,69,14.8056663357342,1,359,Ninepi_2009,0.19220055710306408,2009
Ninepi,20,2009,78,14.8056663357342,1,359,Ninepi_2009,0.21727019498607242,2009
Ninepi,25,2009,70,14.8056663357342,1,359,Ninepi_2009,0.19498607242339833,2009
Ninepi,30,2009,16,14.8056663357342,1,359,Ninepi_2009,0.04456824512534819,2009
Ninepi,10,2010,67,16.5189996307716,1,388,Ninepi_2010,0.17268041237113402,2010
Ninepi,12.5,2010,88,16.5189996307716,1,388,Ninepi_2010,0.2268041237113402,2010
Ninepi,15,2010,79,16.5189996307716,1,388,Ninepi_2010,0.2036082474226804,2010
Ninepi,20,2010,65,16.5189996307716,1,388,Ninepi_2010,0.16752577319587628,2010
Ninepi,25,2010,53,16.5189996307716,1,388,Ninepi_2010,0.13659793814432988,2010
Ninepi,30,2010,36,16.5189996307716,1,388,Ninepi_2010,0.09278350515463918,2010
Ninepi,10,2011,42,14.736706733707111,1,312,Ninepi_2011,0.1346153846153846,2011
Ninepi,12.5,2011,48,14.736706733707111,1,312,Ninepi_2011,0.15384615384615385,2011
Ninepi,15,2011,56,14.736706733707111,1,312,Ninepi_2011,0.1794871794871795,2011
Ninepi,20,2011,65,14.736706733707111,1,312,Ninepi_2011,0.20833333333333334,2011
Ninepi,25,2011,57,14.736706733707111,1,312,Ninepi_2011,0.18269230769230768,2011
Ninepi,30,2011,25,14.736706733707111,1,312,Ninepi_2011,0.08012820512820513,2011
Ninepi,35,2011,19,14.736706733707111,1,312,Ninepi_2011,0.060897435897435896,2011
Ninepi,10,2012,35,16.4222576974501,1,309,Ninepi_2012,0.11326860841423948,2012
Ninepi,12.5,2012,33,16.4222576974501,1,309,Ninepi_2012,0.10679611650485436,2012
Ninepi,15,2012,73,16.4222576974501,1,309,Ninepi_2012,0.23624595469255663,2012
Ninepi,20,2012,79,16.4222576974501,1,309,Ninepi_2012,0.255663430420712,2012
Ninepi,25,2012,50,16.4222576974501,1,309,Ninepi_2012,0.16181229773462782,2012
Ninepi,30,2012,29,16.4222576974501,1,309,Ninepi_2012,0.09385113268608414,2012
Ninepi,35,2012,10,16.4222576974501,1,309,Ninepi_2012,0.032362459546925564,2012
Ninepi,10,2013,13,16.9135480090495,1,263,Ninepi_2013,0.049429657794676805,2013
Ninepi,12.5,2013,33,16.9135480090495,1,263,Ninepi_2013,0.12547528517110265,2013
Ninepi,15,2013,37,16.9135480090495,1,263,Ninepi_2013,0.14068441064638784,2013
Ninepi,20,2013,64,16.9135480090495,1,263,Ninepi_2013,0.24334600760456274,2013
Ninepi,25,2013,67,16.9135480090495,1,263,Ninepi_2013,0.25475285171102663,2013
Ninepi,30,2013,29,16.9135480090495,1,263,Ninepi_2013,0.11026615969581749,2013
Ninepi,35,2013,20,16.9135480090495,1,263,Ninepi_2013,0.07604562737642585,2013
Ninepi,7.5,2014,31,16.1409673811567,1,260,Ninepi_2014,0.11923076923076924,2014
Ninepi,10,2014,38,16.1409673811567,1,260,Ninepi_2014,0.14615384615384616,2014
Ninepi,12.5,2014,30,16.1409673811567,1,260,Ninepi_2014,0.11538461538461539,2014
Ninepi,15,2014,34,16.1409673811567,1,260,Ninepi_2014,0.13076923076923078,2014
Ninepi,20,2014,47,16.1409673811567,1,260,Ninepi_2014,0.18076923076923077,2014
Ninepi,25,2014,43,16.1409673811567,1,260,Ninepi_2014,0.16538461538461538,2014
Ninepi,30,2014,20,16.1409673811567,1,260,Ninepi_2014,0.07692307692307693,2014
Ninepi,35,2014,17,16.1409673811567,1,260,Ninepi_2014,0.06538461538461539,2014
Ninepi,10,2015,45,13.455838169967388,1,450,Ninepi_2015,0.1,2015
Ninepi,12.5,2015,48,13.455838169967388,1,450,Ninepi_2015,0.10666666666666667,2015
Ninepi,15,2015,105,13.455838169967388,1,450,Ninepi_2015,0.23333333333333334,2015
Ninepi,20,2015,114,13.455838169967388,1,450,Ninepi_2015,0.25333333333333335,2015
Ninepi,25,2015,88,13.455838169967388,1,450,Ninepi_2015,0.19555555555555557,2015
Ninepi,30,2015,50,13.455838169967388,1,450,Ninepi_2015,0.1111111111111111,2015
Ninepi,7.5,2016,20,18.21548346382,1,307,Ninepi_2016,0.06514657980456026,2016
Ninepi,10,2016,46,18.21548346382,1,307,Ninepi_2016,0.1498371335504886,2016
Ninepi,12.5,2016,70,18.21548346382,1,307,Ninepi_2016,0.2280130293159609,2016
Ninepi,15,2016,53,18.21548346382,1,307,Ninepi_2016,0.17263843648208468,2016
Ninepi,20,2016,68,18.21548346382,1,307,Ninepi_2016,0.22149837133550487,2016
Ninepi,25,2016,50,18.21548346382,1,307,Ninepi_2016,0.16286644951140064,2016
Ninepi,10,2017,39,16.9832254268469,1,244,Ninepi_2017,0.1598360655737705,2017
Ninepi,12.5,2017,71,16.9832254268469,1,244,Ninepi_2017,0.29098360655737704,2017
Ninepi,15,2017,43,16.9832254268469,1,244,Ninepi_2017,0.1762295081967213,2017
Ninepi,20,2017,45,16.9832254268469,1,244,Ninepi_2017,0.18442622950819673,2017
Ninepi,25,2017,19,16.9832254268469,1,244,Ninepi_2017,0.0778688524590164,2017
Ninepi,30,2017,14,16.9832254268469,1,244,Ninepi_2017,0.05737704918032787,2017
Ninepi,35,2017,13,16.9832254268469,1,244,Ninepi_2017,0.05327868852459016,2017
Ninepi,10,2018,30,16.7512899481601,1,205,Ninepi_2018,0.14634146341463414,2018
Ninepi,12.5,2018,12,16.7512899481601,1,205,Ninepi_2018,0.05853658536585366,2018
Ninepi,15,2018,30,16.7512899481601,1,205,Ninepi_2018,0.14634146341463414,2018
Ninepi,20,2018,28,16.7512899481601,1,205,Ninepi_2018,0.13658536585365855,2018
Ninepi,25,2018,33,16.7512899481601,1,205,Ninepi_2018,0.16097560975609757,2018
Ninepi,30,2018,40,16.7512899481601,1,205,Ninepi_2018,0.1951219512195122,2018
Ninepi,35,2018,32,16.7512899481601,1,205,Ninepi_2018,0.15609756097560976,2018
Port D,12.5,2004,6,14.001509902095645,0,60,Port D_2004,0.1,2004
Port D,15,2004,8,14.001509902095645,0,60,Port D_2004,0.13333333333333333,2004
Port D,20,2004,24,14.001509902095645,0,60,Port D_2004,0.4,2004
Port D,25,2004,14,14.001509902095645,0,60,Port D_2004,0.23333333333333334,2004
Port D,30,2004,8,14.001509902095645,0,60,Port D_2004,0.13333333333333333,2004
Port D,10,2005,14,14.1753330164899,0,90,Port D_2005,0.15555555555555556,2005
Port D,12.5,2005,14,14.1753330164899,0,90,Port D_2005,0.15555555555555556,2005
Port D,15,2005,16,14.1753330164899,0,90,Port D_2005,0.17777777777777778,2005
Port D,20,2005,20,14.1753330164899,0,90,Port D_2005,0.2222222222222222,2005
Port D,25,2005,18,14.1753330164899,0,90,Port D_2005,0.2,2005
Port D,30,2005,8,14.1753330164899,0,90,Port D_2005,0.08888888888888889,2005
Port D,10,2006,6,15.499999653548,0,151,Port D_2006,0.039735099337748346,2006
Port D,12.5,2006,16,15.499999653548,0,151,Port D_2006,0.10596026490066225,2006
Port D,15,2006,41,15.499999653548,0,151,Port D_2006,0.271523178807947,2006
Port D,20,2006,53,15.499999653548,0,151,Port D_2006,0.3509933774834437,2006
Port D,25,2006,25,15.499999653548,0,151,Port D_2006,0.16556291390728478,2006
Port D,30,2006,10,15.499999653548,0,151,Port D_2006,0.06622516556291391,2006
Port D,10,2007,9,15.2716663253183,0,92,Port D_2007,0.09782608695652174,2007
Port D,12.5,2007,3,15.2716663253183,0,92,Port D_2007,0.03260869565217391,2007
Port D,15,2007,22,15.2716663253183,0,92,Port D_2007,0.2391304347826087,2007
Port D,20,2007,29,15.2716663253183,0,92,Port D_2007,0.31521739130434784,2007
Port D,25,2007,18,15.2716663253183,0,92,Port D_2007,0.1956521739130435,2007
Port D,30,2007,11,15.2716663253183,0,92,Port D_2007,0.11956521739130435,2007
Port D,10,2008,2,14.8079996690154,0,91,Port D_2008,0.02197802197802198,2008
Port D,12.5,2008,23,14.8079996690154,0,91,Port D_2008,0.25274725274725274,2008
Port D,15,2008,19,14.8079996690154,0,91,Port D_2008,0.2087912087912088,2008
Port D,20,2008,27,14.8079996690154,0,91,Port D_2008,0.2967032967032967,2008
Port D,25,2008,14,14.8079996690154,0,91,Port D_2008,0.15384615384615385,2008
Port D,30,2008,6,14.8079996690154,0,91,Port D_2008,0.06593406593406594,2008
Port D,10,2009,6,14.8519996680319,0,135,Port D_2009,0.044444444444444446,2009
Port D,12.5,2009,12,14.8519996680319,0,135,Port D_2009,0.08888888888888889,2009
Port D,15,2009,25,14.8519996680319,0,135,Port D_2009,0.18518518518518517,2009
Port D,20,2009,33,14.8519996680319,0,135,Port D_2009,0.24444444444444444,2009
Port D,25,2009,38,14.8519996680319,0,135,Port D_2009,0.2814814814814815,2009
Port D,30,2009,21,14.8519996680319,0,135,Port D_2009,0.15555555555555556,2009
Port D,10,2011,3,15.0441932121232,0,50,Port D_2011,0.06,2011
Port D,12.5,2011,7,15.0441932121232,0,50,Port D_2011,0.14,2011
Port D,15,2011,9,15.0441932121232,0,50,Port D_2011,0.18,2011
Port D,20,2011,11,15.0441932121232,0,50,Port D_2011,0.22,2011
Port D,25,2011,5,15.0441932121232,0,50,Port D_2011,0.1,2011
Port D,30,2011,10,15.0441932121232,0,50,Port D_2011,0.2,2011
Port D,35,2011,5,15.0441932121232,0,50,Port D_2011,0.1,2011
Port D,10,2012,1,16.4545157612452,0,51,Port D_2012,0.0196078431372549,2012
Port D,12.5,2012,3,16.4545157612452,0,51,Port D_2012,0.058823529411764705,2012
Port D,15,2012,8,16.4545157612452,0,51,Port D_2012,0.1568627450980392,2012
Port D,20,2012,10,16.4545157612452,0,51,Port D_2012,0.19607843137254902,2012
Port D,25,2012,13,16.4545157612452,0,51,Port D_2012,0.2549019607843137,2012
Port D,30,2012,12,16.4545157612452,0,51,Port D_2012,0.23529411764705882,2012
Port D,35,2012,4,16.4545157612452,0,51,Port D_2012,0.0784313725490196,2012
Port D,10,2017,18,15.9096663110579,0,199,Port D_2017,0.09045226130653267,2017
Port D,12.5,2017,34,15.9096663110579,0,199,Port D_2017,0.1708542713567839,2017
Port D,15,2017,57,15.9096663110579,0,199,Port D_2017,0.2864321608040201,2017
Port D,20,2017,41,15.9096663110579,0,199,Port D_2017,0.20603015075376885,2017
Port D,25,2017,26,15.9096663110579,0,199,Port D_2017,0.1306532663316583,2017
Port D,30,2017,18,15.9096663110579,0,199,Port D_2017,0.09045226130653267,2017
Port D,35,2017,5,15.9096663110579,0,199,Port D_2017,0.02512562814070352,2017
Port P,12.5,1998,84,14.721001443856263,0,746,Port P_1998,0.1126005361930295,1998
Port P,15,1998,126,14.721001443856263,0,746,Port P_1998,0.16890080428954424,1998
Port P,20,1998,160,14.721001443856263,0,746,Port P_1998,0.21447721179624665,1998
Port P,25,1998,160,14.721001443856263,0,746,Port P_1998,0.21447721179624665,1998
Port P,30,1998,152,14.721001443856263,0,746,Port P_1998,0.2037533512064343,1998
Port P,35,1998,64,14.721001443856263,0,746,Port P_1998,0.08579088471849866,1998
Port P,12.5,1999,56,14.136385490478762,0,500,Port P_1999,0.112,1999
Port P,15,1999,110,14.136385490478762,0,500,Port P_1999,0.22,1999
Port P,20,1999,116,14.136385490478762,0,500,Port P_1999,0.232,1999
Port P,25,1999,126,14.136385490478762,0,500,Port P_1999,0.252,1999
Port P,30,1999,66,14.136385490478762,0,500,Port P_1999,0.132,1999
Port P,35,1999,26,14.136385490478762,0,500,Port P_1999,0.052,1999
Port P,10,2008,28,14.3183330132936,1,401,Port P_2008,0.06982543640897755,2008
Port P,12.5,2008,40,14.3183330132936,1,401,Port P_2008,0.09975062344139651,2008
Port P,15,2008,166,14.3183330132936,1,401,Port P_2008,0.4139650872817955,2008
Port P,20,2008,60,14.3183330132936,1,401,Port P_2008,0.14962593516209477,2008
Port P,25,2008,69,14.3183330132936,1,401,Port P_2008,0.17206982543640897,2008
Port P,30,2008,38,14.3183330132936,1,401,Port P_2008,0.09476309226932668,2008
Port P,10,2009,197,17.24327340574477,0,1464,Port P_2009,0.13456284153005466,2009
Port P,12.5,2009,304,17.24327340574477,0,1464,Port P_2009,0.20765027322404372,2009
Port P,15,2009,337,17.24327340574477,0,1464,Port P_2009,0.2301912568306011,2009
Port P,20,2009,276,17.24327340574477,0,1464,Port P_2009,0.1885245901639344,2009
Port P,25,2009,208,17.24327340574477,0,1464,Port P_2009,0.14207650273224043,2009
Port P,30,2009,142,17.24327340574477,0,1464,Port P_2009,0.09699453551912568,2009
Port P,10,2010,153,19.22557679996027,0,754,Port P_2010,0.20291777188328913,2010
Port P,12.5,2010,194,19.22557679996027,0,754,Port P_2010,0.2572944297082228,2010
Port P,15,2010,177,19.22557679996027,0,754,Port P_2010,0.23474801061007958,2010
Port P,20,2010,112,19.22557679996027,0,754,Port P_2010,0.14854111405835543,2010
Port P,25,2010,69,19.22557679996027,0,754,Port P_2010,0.09151193633952255,2010
Port P,30,2010,49,19.22557679996027,0,754,Port P_2010,0.0649867374005305,2010
Port P,10,2011,93,15.655498894967824,0,1068,Port P_2011,0.08707865168539326,2011
Port P,12.5,2011,149,15.655498894967824,0,1068,Port P_2011,0.13951310861423222,2011
Port P,15,2011,246,15.655498894967824,0,1068,Port P_2011,0.2303370786516854,2011
Port P,20,2011,254,15.655498894967824,0,1068,Port P_2011,0.23782771535580524,2011
Port P,25,2011,185,15.655498894967824,0,1068,Port P_2011,0.17322097378277154,2011
Port P,30,2011,87,15.655498894967824,0,1068,Port P_2011,0.08146067415730338,2011
Port P,35,2011,54,15.655498894967824,0,1068,Port P_2011,0.05056179775280899,2011
Port P,10,2012,62,19.22604027676041,0,727,Port P_2012,0.08528198074277854,2012
Port P,12.5,2012,91,19.22604027676041,0,727,Port P_2012,0.12517193947730398,2012
Port P,15,2012,155,19.22604027676041,0,727,Port P_2012,0.21320495185694635,2012
Port P,20,2012,167,19.22604027676041,0,727,Port P_2012,0.2297111416781293,2012
Port P,25,2012,134,19.22604027676041,0,727,Port P_2012,0.1843191196698762,2012
Port P,30,2012,65,19.22604027676041,0,727,Port P_2012,0.08940852819807428,2012
Port P,35,2012,53,19.22604027676041,0,727,Port P_2012,0.07290233837689133,2012
Port P,10,2013,190,19.100947696637,0,1392,Port P_2013,0.13649425287356323,2013
Port P,12.5,2013,206,19.100947696637,0,1392,Port P_2013,0.14798850574712644,2013
Port P,15,2013,293,19.100947696637,0,1392,Port P_2013,0.21048850574712644,2013
Port P,20,2013,309,19.100947696637,0,1392,Port P_2013,0.22198275862068967,2013
Port P,25,2013,209,19.100947696637,0,1392,Port P_2013,0.15014367816091953,2013
Port P,30,2013,117,19.100947696637,0,1392,Port P_2013,0.08405172413793104,2013
Port P,35,2013,68,19.100947696637,0,1392,Port P_2013,0.04885057471264368,2013
Port P,7.5,2014,3,19.0487092516475,0,47,Port P_2014,0.06382978723404255,2014
Port P,10,2014,6,19.0487092516475,0,47,Port P_2014,0.1276595744680851,2014
Port P,12.5,2014,6,19.0487092516475,0,47,Port P_2014,0.1276595744680851,2014
Port P,15,2014,4,19.0487092516475,0,47,Port P_2014,0.0851063829787234,2014
Port P,20,2014,8,19.0487092516475,0,47,Port P_2014,0.1702127659574468,2014
Port P,25,2014,11,19.0487092516475,0,47,Port P_2014,0.23404255319148937,2014
Port P,30,2014,5,19.0487092516475,0,47,Port P_2014,0.10638297872340426,2014
Port P,35,2014,4,19.0487092516475,0,47,Port P_2014,0.0851063829787234,2014
Port P,10,2015,59,18.08978480913196,0,388,Port P_2015,0.15206185567010308,2015
Port P,12.5,2015,80,18.08978480913196,0,388,Port P_2015,0.20618556701030927,2015
Port P,15,2015,74,18.08978480913196,0,388,Port P_2015,0.19072164948453607,2015
Port P,20,2015,86,18.08978480913196,0,388,Port P_2015,0.22164948453608246,2015
Port P,25,2015,61,18.08978480913196,0,388,Port P_2015,0.15721649484536082,2015
Port P,30,2015,28,18.08978480913196,0,388,Port P_2015,0.07216494845360824,2015
Port P,7.5,2016,104,19.008559839262965,0,803,Port P_2016,0.1295143212951432,2016
Port P,10,2016,156,19.008559839262965,0,803,Port P_2016,0.19427148194271482,2016
Port P,12.5,2016,174,19.008559839262965,0,803,Port P_2016,0.21668742216687423,2016
Port P,15,2016,173,19.008559839262965,0,803,Port P_2016,0.21544209215442092,2016
Port P,20,2016,101,19.008559839262965,0,803,Port P_2016,0.12577833125778332,2016
Port P,25,2016,95,19.008559839262965,0,803,Port P_2016,0.11830635118306351,2016
Port P,10,2017,65,19.30199475638554,0,663,Port P_2017,0.09803921568627451,2017
Port P,12.5,2017,82,19.30199475638554,0,663,Port P_2017,0.12368024132730016,2017
Port P,15,2017,173,19.30199475638554,0,663,Port P_2017,0.2609351432880845,2017
Port P,20,2017,159,19.30199475638554,0,663,Port P_2017,0.2398190045248869,2017
Port P,25,2017,106,19.30199475638554,0,663,Port P_2017,0.15987933634992457,2017
Port P,30,2017,46,19.30199475638554,0,663,Port P_2017,0.0693815987933635,2017
Port P,35,2017,32,19.30199475638554,0,663,Port P_2017,0.048265460030165915,2017
Port P,10,2018,144,20.46258367182177,1,787,Port P_2018,0.18297331639135958,2018
Port P,12.5,2018,159,20.46258367182177,1,787,Port P_2018,0.2020330368487929,2018
Port P,15,2018,159,20.46258367182177,1,787,Port P_2018,0.2020330368487929,2018
Port P,20,2018,134,20.46258367182177,1,787,Port P_2018,0.17026683608640406,2018
Port P,25,2018,101,20.46258367182177,1,787,Port P_2018,0.12833545108005082,2018
Port P,30,2018,60,20.46258367182177,1,787,Port P_2018,0.07623888182973317,2018
Port P,35,2018,30,20.46258367182177,1,787,Port P_2018,0.03811944091486658,2018
Tinder,10,1992,6,13.268406319413193,1,157,Tinder_1992,0.03821656050955414,1992
Tinder,12.5,1992,26,13.268406319413193,1,157,Tinder_1992,0.16560509554140126,1992
Tinder,15,1992,19,13.268406319413193,1,157,Tinder_1992,0.12101910828025478,1992
Tinder,20,1992,27,13.268406319413193,1,157,Tinder_1992,0.17197452229299362,1992
Tinder,25,1992,44,13.268406319413193,1,157,Tinder_1992,0.2802547770700637,1992
Tinder,30,1992,35,13.268406319413193,1,157,Tinder_1992,0.2229299363057325,1992
Tinder,12.5,1993,5,12.459033587462015,1,107,Tinder_1993,0.04672897196261682,1993
Tinder,15,1993,9,12.459033587462015,1,107,Tinder_1993,0.08411214953271028,1993
Tinder,20,1993,34,12.459033587462015,1,107,Tinder_1993,0.3177570093457944,1993
Tinder,25,1993,42,12.459033587462015,1,107,Tinder_1993,0.3925233644859813,1993
Tinder,30,1993,17,12.459033587462015,1,107,Tinder_1993,0.1588785046728972,1993
Tinder,10,1994,14,15.689164639259449,1,142,Tinder_1994,0.09859154929577464,1994
Tinder,12.5,1994,24,15.689164639259449,1,142,Tinder_1994,0.16901408450704225,1994
Tinder,15,1994,15,15.689164639259449,1,142,Tinder_1994,0.1056338028169014,1994
Tinder,20,1994,23,15.689164639259449,1,142,Tinder_1994,0.1619718309859155,1994
Tinder,25,1994,25,15.689164639259449,1,142,Tinder_1994,0.176056338028169,1994
Tinder,30,1994,22,15.689164639259449,1,142,Tinder_1994,0.15492957746478872,1994
Tinder,35,1994,19,15.689164639259449,1,142,Tinder_1994,0.13380281690140844,1994
Tinder,10,1995,1,13.4146663668255,1,48,Tinder_1995,0.020833333333333332,1995
Tinder,12.5,1995,3,13.4146663668255,1,48,Tinder_1995,0.0625,1995
Tinder,15,1995,6,13.4146663668255,1,48,Tinder_1995,0.125,1995
Tinder,20,1995,8,13.4146663668255,1,48,Tinder_1995,0.16666666666666666,1995
Tinder,25,1995,21,13.4146663668255,1,48,Tinder_1995,0.4375,1995
Tinder,30,1995,9,13.4146663668255,1,48,Tinder_1995,0.1875,1995
Tinder,12.5,1996,5,12.4383868187546,1,62,Tinder_1996,0.08064516129032258,1996
Tinder,15,1996,2,12.4383868187546,1,62,Tinder_1996,0.03225806451612903,1996
Tinder,20,1996,8,12.4383868187546,1,62,Tinder_1996,0.12903225806451613,1996
Tinder,25,1996,24,12.4383868187546,1,62,Tinder_1996,0.3870967741935484,1996
Tinder,30,1996,15,12.4383868187546,1,62,Tinder_1996,0.24193548387096775,1996
Tinder,35,1996,8,12.4383868187546,1,62,Tinder_1996,0.12903225806451613,1996
Tinder,10,1997,6,12.282936240405625,1,146,Tinder_1997,0.0410958904109589,1997
Tinder,12.5,1997,2,12.282936240405625,1,146,Tinder_1997,0.0136986301369863,1997
Tinder,15,1997,5,12.282936240405625,1,146,Tinder_1997,0.03424657534246575,1997
Tinder,20,1997,9,12.282936240405625,1,146,Tinder_1997,0.06164383561643835,1997
Tinder,25,1997,42,12.282936240405625,1,146,Tinder_1997,0.2876712328767123,1997
Tinder,30,1997,61,12.282936240405625,1,146,Tinder_1997,0.4178082191780822,1997
Tinder,35,1997,21,12.282936240405625,1,146,Tinder_1997,0.14383561643835616,1997
Tinder,15,1999,1,13.863534343591187,1,101,Tinder_1999,0.009900990099009901,1999
Tinder,20,1999,7,13.863534343591187,1,101,Tinder_1999,0.06930693069306931,1999
Tinder,25,1999,35,13.863534343591187,1,101,Tinder_1999,0.3465346534653465,1999
Tinder,30,1999,39,13.863534343591187,1,101,Tinder_1999,0.38613861386138615,1999
Tinder,35,1999,19,13.863534343591187,1,101,Tinder_1999,0.18811881188118812,1999
Tinder,15,2000,1,15.5363329860692,1,84,Tinder_2000,0.011904761904761904,2000
Tinder,20,2000,1,15.5363329860692,1,84,Tinder_2000,0.011904761904761904,2000
Tinder,25,2000,15,15.5363329860692,1,84,Tinder_2000,0.17857142857142858,2000
Tinder,30,2000,52,15.5363329860692,1,84,Tinder_2000,0.6190476190476191,2000
Tinder,35,2000,15,15.5363329860692,1,84,Tinder_2000,0.17857142857142858,2000
Tinder,10,2001,17,14.809587283336006,1,203,Tinder_2001,0.08374384236453201,2001
Tinder,12.5,2001,4,14.809587283336006,1,203,Tinder_2001,0.019704433497536946,2001
Tinder,15,2001,15,14.809587283336006,1,203,Tinder_2001,0.07389162561576355,2001
Tinder,20,2001,31,14.809587283336006,1,203,Tinder_2001,0.15270935960591134,2001
Tinder,25,2001,45,14.809587283336006,1,203,Tinder_2001,0.22167487684729065,2001
Tinder,30,2001,67,14.809587283336006,1,203,Tinder_2001,0.33004926108374383,2001
Tinder,35,2001,24,14.809587283336006,1,203,Tinder_2001,0.11822660098522167,2001
Tinder,10,2002,4,16.2949996357784,1,107,Tinder_2002,0.037383177570093455,2002
Tinder,12.5,2002,24,16.2949996357784,1,107,Tinder_2002,0.22429906542056074,2002
Tinder,15,2002,21,16.2949996357784,1,107,Tinder_2002,0.19626168224299065,2002
Tinder,20,2002,29,16.2949996357784,1,107,Tinder_2002,0.27102803738317754,2002
Tinder,25,2002,11,16.2949996357784,1,107,Tinder_2002,0.102803738317757,2002
Tinder,30,2002,18,16.2949996357784,1,107,Tinder_2002,0.16822429906542055,2002
Tinder,12.5,2004,16,15.6293544893664,1,135,Tinder_2004,0.11851851851851852,2004
Tinder,15,2004,18,15.6293544893664,1,135,Tinder_2004,0.13333333333333333,2004
Tinder,20,2004,28,15.6293544893664,1,135,Tinder_2004,0.2074074074074074,2004
Tinder,25,2004,42,15.6293544893664,1,135,Tinder_2004,0.3111111111111111,2004
Tinder,30,2004,31,15.6293544893664,1,135,Tinder_2004,0.22962962962962963,2004
Tinder,10,2005,49,14.6006663403163,1,331,Tinder_2005,0.14803625377643503,2005
Tinder,12.5,2005,74,14.6006663403163,1,331,Tinder_2005,0.22356495468277945,2005
Tinder,15,2005,49,14.6006663403163,1,331,Tinder_2005,0.14803625377643503,2005
Tinder,20,2005,63,14.6006663403163,1,331,Tinder_2005,0.1903323262839879,2005
Tinder,25,2005,56,14.6006663403163,1,331,Tinder_2005,0.1691842900302115,2005
Tinder,30,2005,40,14.6006663403163,1,331,Tinder_2005,0.12084592145015106,2005
Tinder,10,2006,16,15.64615627167332,1,304,Tinder_2006,0.05263157894736842,2006
Tinder,12.5,2006,41,15.64615627167332,1,304,Tinder_2006,0.13486842105263158,2006
Tinder,15,2006,66,15.64615627167332,1,304,Tinder_2006,0.21710526315789475,2006
Tinder,20,2006,84,15.64615627167332,1,304,Tinder_2006,0.27631578947368424,2006
Tinder,25,2006,60,15.64615627167332,1,304,Tinder_2006,0.19736842105263158,2006
Tinder,30,2006,37,15.64615627167332,1,304,Tinder_2006,0.12171052631578948,2006
Tinder,10,2007,33,16.8829028484442,1,221,Tinder_2007,0.1493212669683258,2007
Tinder,12.5,2007,52,16.8829028484442,1,221,Tinder_2007,0.23529411764705882,2007
Tinder,15,2007,34,16.8829028484442,1,221,Tinder_2007,0.15384615384615385,2007
Tinder,20,2007,41,16.8829028484442,1,221,Tinder_2007,0.18552036199095023,2007
Tinder,25,2007,42,16.8829028484442,1,221,Tinder_2007,0.19004524886877827,2007
Tinder,30,2007,19,16.8829028484442,1,221,Tinder_2007,0.08597285067873303,2007
Tinder,10,2008,9,16.2648383461299,1,284,Tinder_2008,0.03169014084507042,2008
Tinder,12.5,2008,57,16.2648383461299,1,284,Tinder_2008,0.2007042253521127,2008
Tinder,15,2008,65,16.2648383461299,1,284,Tinder_2008,0.22887323943661972,2008
Tinder,20,2008,68,16.2648383461299,1,284,Tinder_2008,0.23943661971830985,2008
Tinder,25,2008,43,16.2648383461299,1,284,Tinder_2008,0.15140845070422534,2008
Tinder,30,2008,42,16.2648383461299,1,284,Tinder_2008,0.14788732394366197,2008
Tinder,10,2009,20,15.6832254559042,1,242,Tinder_2009,0.08264462809917356,2009
Tinder,12.5,2009,35,15.6832254559042,1,242,Tinder_2009,0.1446280991735537,2009
Tinder,15,2009,56,15.6832254559042,1,242,Tinder_2009,0.23140495867768596,2009
Tinder,20,2009,51,15.6832254559042,1,242,Tinder_2009,0.21074380165289255,2009
Tinder,25,2009,49,15.6832254559042,1,242,Tinder_2009,0.2024793388429752,2009
Tinder,30,2009,31,15.6832254559042,1,242,Tinder_2009,0.128099173553719,2009
Tinder,10,2010,45,16.8099996242672,1,397,Tinder_2010,0.11335012594458438,2010
Tinder,12.5,2010,68,16.8099996242672,1,397,Tinder_2010,0.1712846347607053,2010
Tinder,15,2010,70,16.8099996242672,1,397,Tinder_2010,0.17632241813602015,2010
Tinder,20,2010,88,16.8099996242672,1,397,Tinder_2010,0.2216624685138539,2010
Tinder,25,2010,73,16.8099996242672,1,397,Tinder_2010,0.18387909319899245,2010
Tinder,30,2010,53,16.8099996242672,1,397,Tinder_2010,0.13350125944584382,2010
Tinder,10,2011,28,15.704384249594103,1,360,Tinder_2011,0.07777777777777778,2011
Tinder,12.5,2011,38,15.704384249594103,1,360,Tinder_2011,0.10555555555555556,2011
Tinder,15,2011,69,15.704384249594103,1,360,Tinder_2011,0.19166666666666668,2011
Tinder,20,2011,66,15.704384249594103,1,360,Tinder_2011,0.18333333333333332,2011
Tinder,25,2011,76,15.704384249594103,1,360,Tinder_2011,0.2111111111111111,2011
Tinder,30,2011,56,15.704384249594103,1,360,Tinder_2011,0.15555555555555556,2011
Tinder,35,2011,27,15.704384249594103,1,360,Tinder_2011,0.075,2011
Tinder,10,2012,17,17.4503444375406,1,191,Tinder_2012,0.08900523560209424,2012
Tinder,12.5,2012,13,17.4503444375406,1,191,Tinder_2012,0.06806282722513089,2012
Tinder,15,2012,17,17.4503444375406,1,191,Tinder_2012,0.08900523560209424,2012
Tinder,20,2012,43,17.4503444375406,1,191,Tinder_2012,0.225130890052356,2012
Tinder,25,2012,51,17.4503444375406,1,191,Tinder_2012,0.2670157068062827,2012
Tinder,30,2012,37,17.4503444375406,1,191,Tinder_2012,0.193717277486911,2012
Tinder,35,2012,13,17.4503444375406,1,191,Tinder_2012,0.06806282722513089,2012
Tinder,10,2013,3,16.9045157511869,1,341,Tinder_2013,0.008797653958944282,2013
Tinder,12.5,2013,20,16.9045157511869,1,341,Tinder_2013,0.05865102639296188,2013
Tinder,15,2013,47,16.9045157511869,1,341,Tinder_2013,0.1378299120234604,2013
Tinder,20,2013,70,16.9045157511869,1,341,Tinder_2013,0.20527859237536658,2013
Tinder,25,2013,87,16.9045157511869,1,341,Tinder_2013,0.25513196480938416,2013
Tinder,30,2013,67,16.9045157511869,1,341,Tinder_2013,0.19648093841642228,2013
Tinder,35,2013,47,16.9045157511869,1,341,Tinder_2013,0.1378299120234604,2013
Tinder,7.5,2014,10,16.2741931846305,1,286,Tinder_2014,0.03496503496503497,2014
Tinder,10,2014,22,16.2741931846305,1,286,Tinder_2014,0.07692307692307693,2014
Tinder,12.5,2014,26,16.2741931846305,1,286,Tinder_2014,0.09090909090909091,2014
Tinder,15,2014,38,16.2741931846305,1,286,Tinder_2014,0.13286713286713286,2014
Tinder,20,2014,54,16.2741931846305,1,286,Tinder_2014,0.1888111888111888,2014
Tinder,25,2014,57,16.2741931846305,1,286,Tinder_2014,0.1993006993006993,2014
Tinder,30,2014,48,16.2741931846305,1,286,Tinder_2014,0.16783216783216784,2014
Tinder,35,2014,31,16.2741931846305,1,286,Tinder_2014,0.10839160839160839,2014
Tinder,10,2015,20,13.232902930028,1,173,Tinder_2015,0.11560693641618497,2015
Tinder,12.5,2015,27,13.232902930028,1,173,Tinder_2015,0.15606936416184972,2015
Tinder,15,2015,35,13.232902930028,1,173,Tinder_2015,0.2023121387283237,2015
Tinder,20,2015,43,13.232902930028,1,173,Tinder_2015,0.24855491329479767,2015
Tinder,25,2015,28,13.232902930028,1,173,Tinder_2015,0.16184971098265896,2015
Tinder,30,2015,20,13.232902930028,1,173,Tinder_2015,0.11560693641618497,2015
Tinder,7.5,2016,21,18.313870558395,1,183,Tinder_2016,0.11475409836065574,2016
Tinder,10,2016,25,18.313870558395,1,183,Tinder_2016,0.1366120218579235,2016
Tinder,12.5,2016,26,18.313870558395,1,183,Tinder_2016,0.14207650273224043,2016
Tinder,15,2016,37,18.313870558395,1,183,Tinder_2016,0.20218579234972678,2016
Tinder,20,2016,38,18.313870558395,1,183,Tinder_2016,0.20765027322404372,2016
Tinder,25,2016,36,18.313870558395,1,183,Tinder_2016,0.19672131147540983,2016
Tinder,10,2017,38,16.8848383322719,1,345,Tinder_2017,0.11014492753623188,2017
Tinder,12.5,2017,60,16.8848383322719,1,345,Tinder_2017,0.17391304347826086,2017
Tinder,15,2017,81,16.8848383322719,1,345,Tinder_2017,0.23478260869565218,2017
Tinder,20,2017,62,16.8848383322719,1,345,Tinder_2017,0.17971014492753623,2017
Tinder,25,2017,44,16.8848383322719,1,345,Tinder_2017,0.12753623188405797,2017
Tinder,30,2017,41,16.8848383322719,1,345,Tinder_2017,0.11884057971014493,2017
Tinder,35,2017,19,16.8848383322719,1,345,Tinder_2017,0.05507246376811594,2017
Tinder,10,2018,44,17.174832046715142,1,211,Tinder_2018,0.20853080568720378,2018
Tinder,12.5,2018,13,17.174832046715142,1,211,Tinder_2018,0.061611374407582936,2018
Tinder,15,2018,44,17.174832046715142,1,211,Tinder_2018,0.20853080568720378,2018
Tinder,20,2018,56,17.174832046715142,1,211,Tinder_2018,0.26540284360189575,2018
Tinder,25,2018,28,17.174832046715142,1,211,Tinder_2018,0.13270142180094788,2018
Tinder,30,2018,20,17.174832046715142,1,211,Tinder_2018,0.0947867298578199,2018
Tinder,35,2018,6,17.174832046715142,1,211,Tinder_2018,0.02843601895734597,2018
