species,latitude,longitude,year,month,day,size_class,total,location,sst_year_met,sst_month_met,sst_mean_annual,sst_month_noaa,year_of_protection,rls_mpa,MPA
Ostorhinchus flavus,-31.52,159.04,2010,2,13,7.5,3,-32_159,21.72306474049886,25.04777717590332,22.036905469780876,25.60339229447501,NA,NA,0
Ostorhinchus flavus,-31.52,159.04,2010,2,13,10,3,-32_159,21.72306474049886,25.04777717590332,22.036905469780876,25.60339229447501,NA,NA,0
Ostorhinchus flavus,-31.56,159.07,2009,2,4,10,7,-32_159,21.176898956298828,24.173982620239254,21.653498089423376,25.09160658291408,NA,NA,0
Ostorhinchus flavus,-31.56,159.07,2009,2,4,12.5,4,-32_159,21.176898956298828,24.173982620239254,21.653498089423376,25.09160658291408,NA,NA,0
Ostorhinchus flavus,-31.54,159.05,2009,1,31,12.5,2,-32_159,21.176898956298828,23.308124542236328,21.653498089423376,23.340644621079967,2004,Lord Howe Island Marine Park,0
Ostorhinchus flavus,-31.54,159.05,2009,1,31,10,12,-32_159,21.176898956298828,23.308124542236328,21.653498089423376,23.340644621079967,2004,Lord Howe Island Marine Park,0
Ostorhinchus flavus,-31.54,159.05,2009,1,31,12.5,18,-32_159,21.176898956298828,23.308124542236328,21.653498089423376,23.340644621079967,2004,Lord Howe Island Marine Park,0
Ostorhinchus flavus,-31.54,159.05,2010,2,9,5,2,-32_159,21.72306474049886,25.04777717590332,22.036905469780876,25.60339229447501,2004,Lord Howe Island Marine Park,0
Ostorhinchus flavus,-31.54,159.05,2010,2,9,7.5,6,-32_159,21.72306474049886,25.04777717590332,22.036905469780876,25.60339229447501,2004,Lord Howe Island Marine Park,0
Ostorhinchus flavus,-31.54,159.05,2010,2,9,7.5,11,-32_159,21.72306474049886,25.04777717590332,22.036905469780876,25.60339229447501,2004,Lord Howe Island Marine Park,0
Ostorhinchus flavus,-31.54,159.05,2010,2,9,10,2,-32_159,21.72306474049886,25.04777717590332,22.036905469780876,25.60339229447501,2004,Lord Howe Island Marine Park,0
Ostorhinchus flavus,-31.52,159.04,2009,2,7,12.5,5,-32_159,21.176898956298828,24.173982620239254,21.653498089423376,25.09160658291408,2004,Lord Howe Island Marine Park,0
Ostorhinchus flavus,-31.52,159.04,2009,2,7,10,5,-32_159,21.176898956298828,24.173982620239254,21.653498089423376,25.09160658291408,2004,Lord Howe Island Marine Park,0
Ostorhinchus flavus,-31.52,159.04,2010,2,10,12.5,10,-32_159,21.72306474049886,25.04777717590332,22.036905469780876,25.60339229447501,2004,Lord Howe Island Marine Park,0
Ostorhinchus flavus,-31.52,159.04,2010,2,10,15,10,-32_159,21.72306474049886,25.04777717590332,22.036905469780876,25.60339229447501,2004,Lord Howe Island Marine Park,0
Ostorhinchus flavus,-31.52,159.04,2010,2,10,20,20,-32_159,21.72306474049886,25.04777717590332,22.036905469780876,25.60339229447501,2004,Lord Howe Island Marine Park,0
Ostorhinchus flavus,-31.5,159.07,2009,2,2,10,2,-32_159,21.176898956298828,24.173982620239254,21.653498089423376,25.09160658291408,2004,Lord Howe Island Marine Park,0
Ostorhinchus flavus,-31.57,159.1,2010,2,12,7.5,6,-32_159,21.72306474049886,25.04777717590332,22.036905469780876,25.60339229447501,2004,Lord Howe Island Marine Park,0
Ostorhinchus flavus,-31.56,159.1,2010,2,12,5,18,-32_159,21.72306474049886,25.04777717590332,22.036905469780876,25.60339229447501,NA,NA,0
Ostorhinchus flavus,-31.56,159.1,2010,2,12,7.5,12,-32_159,21.72306474049886,25.04777717590332,22.036905469780876,25.60339229447501,NA,NA,0
Ostorhinchus flavus,-31.55,159.07,2009,2,6,10,10,-32_159,21.176898956298828,24.173982620239254,21.653498089423376,25.09160658291408,NA,NA,0
Ostorhinchus flavus,-31.55,159.07,2009,2,6,12.5,10,-32_159,21.176898956298828,24.173982620239254,21.653498089423376,25.09160658291408,NA,NA,0
Ostorhinchus flavus,-31.55,159.06,2010,2,9,10,2,-32_159,21.72306474049886,25.04777717590332,22.036905469780876,25.60339229447501,2004,Lord Howe Island Marine Park,0
Ostorhinchus flavus,-31.55,159.06,2010,2,9,12.5,22,-32_159,21.72306474049886,25.04777717590332,22.036905469780876,25.60339229447501,2004,Lord Howe Island Marine Park,0
Ostorhinchus flavus,-31.55,159.06,2010,2,9,15,23,-32_159,21.72306474049886,25.04777717590332,22.036905469780876,25.60339229447501,2004,Lord Howe Island Marine Park,0
Ostorhinchus flavus,-31.55,159.06,2010,2,9,12.5,3,-32_159,21.72306474049886,25.04777717590332,22.036905469780876,25.60339229447501,2004,Lord Howe Island Marine Park,0
Ostorhinchus flavus,-31.51,159.06,2010,2,10,12.5,2,-32_159,21.72306474049886,25.04777717590332,22.036905469780876,25.60339229447501,2004,Lord Howe Island Marine Park,0
Ostorhinchus flavus,-31.51,159.06,2010,2,10,10,3,-32_159,21.72306474049886,25.04777717590332,22.036905469780876,25.60339229447501,2004,Lord Howe Island Marine Park,0
Ostorhinchus flavus,-31.51,159.07,2010,2,12,5,20,-32_159,21.72306474049886,25.04777717590332,22.036905469780876,25.60339229447501,2004,Lord Howe Island Marine Park,0
Ostorhinchus flavus,-31.51,159.07,2010,2,12,7.5,10,-32_159,21.72306474049886,25.04777717590332,22.036905469780876,25.60339229447501,2004,Lord Howe Island Marine Park,0
Ostorhinchus flavus,-31.51,159.07,2010,2,12,10,1,-32_159,21.72306474049886,25.04777717590332,22.036905469780876,25.60339229447501,2004,Lord Howe Island Marine Park,0
Ostorhinchus flavus,-31.51,159.07,2010,2,12,5,50,-32_159,21.72306474049886,25.04777717590332,22.036905469780876,25.60339229447501,2004,Lord Howe Island Marine Park,0
Ostorhinchus flavus,-31.51,159.07,2010,2,12,7.5,20,-32_159,21.72306474049886,25.04777717590332,22.036905469780876,25.60339229447501,2004,Lord Howe Island Marine Park,0
Ostorhinchus flavus,-31.52,159.08,2010,2,18,7.5,2,-32_159,21.72306474049886,25.04777717590332,22.036905469780876,25.60339229447501,NA,NA,0
Ostorhinchus flavus,-31.58,159.07,2010,2,9,10,1,-32_159,21.72306474049886,25.04777717590332,22.036905469780876,25.60339229447501,NA,NA,0
Ostorhinchus flavus,-31.57,159.07,2009,2,4,10,3,-32_159,21.176898956298828,24.173982620239254,21.653498089423376,25.09160658291408,NA,NA,0
Ostorhinchus flavus,-31.57,159.07,2009,2,4,10,4,-32_159,21.176898956298828,24.173982620239254,21.653498089423376,25.09160658291408,NA,NA,0
Ostorhinchus flavus,-31.57,159.07,2009,2,4,5,1,-32_159,21.176898956298828,24.173982620239254,21.653498089423376,25.09160658291408,NA,NA,0
Ostorhinchus flavus,-31.55,159.06,2009,1,31,10,5,-32_159,21.176898956298828,23.308124542236328,21.653498089423376,23.340644621079967,2004,Lord Howe Island Marine Park,0
Ostorhinchus flavus,-31.55,159.06,2009,1,31,12.5,5,-32_159,21.176898956298828,23.308124542236328,21.653498089423376,23.340644621079967,2004,Lord Howe Island Marine Park,0
Ostorhinchus flavus,-31.53,159.05,2009,2,8,12.5,5,-32_159,21.176898956298828,24.173982620239254,21.653498089423376,25.09160658291408,NA,NA,0
Ostorhinchus flavus,-31.53,159.05,2009,2,8,12.5,2,-32_159,21.176898956298828,24.173982620239254,21.653498089423376,25.09160658291408,NA,NA,0
Ostorhinchus flavus,-31.53,159.05,2009,2,8,12.5,1,-32_159,21.176898956298828,24.173982620239254,21.653498089423376,25.09160658291408,NA,NA,0
Ostorhinchus flavus,-31.53,159.05,2009,2,8,10,17,-32_159,21.176898956298828,24.173982620239254,21.653498089423376,25.09160658291408,NA,NA,0
Ostorhinchus flavus,-31.53,159.05,2009,2,8,7.5,9,-32_159,21.176898956298828,24.173982620239254,21.653498089423376,25.09160658291408,NA,NA,0
Ostorhinchus flavus,-31.53,159.05,2009,2,8,10,60,-32_159,21.176898956298828,24.173982620239254,21.653498089423376,25.09160658291408,NA,NA,0
Ostorhinchus flavus,-31.52,159.08,2010,2,18,7.5,2,-32_159,21.72306474049886,25.04777717590332,22.036905469780876,25.60339229447501,NA,NA,0
Ostorhinchus flavus,-31.52,159.08,2010,2,18,10,2,-32_159,21.72306474049886,25.04777717590332,22.036905469780876,25.60339229447501,NA,NA,0
Ostorhinchus flavus,-31.52,159.08,2010,2,18,12.5,40,-32_159,21.72306474049886,25.04777717590332,22.036905469780876,25.60339229447501,NA,NA,0
Ostorhinchus flavus,-31.52,159.08,2010,2,18,7.5,2,-32_159,21.72306474049886,25.04777717590332,22.036905469780876,25.60339229447501,NA,NA,0
Ostorhinchus flavus,-31.52,159.08,2010,2,18,10,3,-32_159,21.72306474049886,25.04777717590332,22.036905469780876,25.60339229447501,NA,NA,0
Ostorhinchus flavus,-31.57,159.07,2009,2,4,2.5,10,-32_159,21.176898956298828,24.173982620239254,21.653498089423376,25.09160658291408,NA,NA,0
Ostorhinchus flavus,-31.57,159.07,2009,2,4,7.5,2,-32_159,21.176898956298828,24.173982620239254,21.653498089423376,25.09160658291408,NA,NA,0
Ostorhinchus flavus,-31.57,159.07,2009,2,4,12.5,2,-32_159,21.176898956298828,24.173982620239254,21.653498089423376,25.09160658291408,NA,NA,0
Ostorhinchus flavus,-31.57,159.07,2010,2,8,10,4,-32_159,21.72306474049886,25.04777717590332,22.036905469780876,25.60339229447501,NA,NA,0
Ostorhinchus flavus,-31.52,159.05,2010,2,14,12.5,2,-32_159,21.72306474049886,25.04777717590332,22.036905469780876,25.60339229447501,2004,Lord Howe Island Marine Park,0
Ostorhinchus flavus,-31.53,159.05,2009,2,8,7.5,5,-32_159,21.176898956298828,24.173982620239254,21.653498089423376,25.09160658291408,NA,NA,0
Ostorhinchus flavus,-31.53,159.05,2009,2,8,7.5,70,-32_159,21.176898956298828,24.173982620239254,21.653498089423376,25.09160658291408,NA,NA,0
Ostorhinchus flavus,-31.53,159.05,2009,2,8,10,27,-32_159,21.176898956298828,24.173982620239254,21.653498089423376,25.09160658291408,NA,NA,0
Ostorhinchus flavus,-31.53,159.05,2009,2,8,10,11,-32_159,21.176898956298828,24.173982620239254,21.653498089423376,25.09160658291408,NA,NA,0
Ostorhinchus flavus,-31.53,159.05,2009,2,8,12.5,2,-32_159,21.176898956298828,24.173982620239254,21.653498089423376,25.09160658291408,NA,NA,0
Ostorhinchus flavus,-31.53,159.05,2009,2,8,15,17,-32_159,21.176898956298828,24.173982620239254,21.653498089423376,25.09160658291408,NA,NA,0
Ostorhinchus flavus,-31.51,159.05,2010,2,13,5,3,-32_159,21.72306474049886,25.04777717590332,22.036905469780876,25.60339229447501,2004,Lord Howe Island Marine Park,0
Ostorhinchus flavus,-31.51,159.05,2010,2,18,12.5,24,-32_159,21.72306474049886,25.04777717590332,22.036905469780876,25.60339229447501,2004,Lord Howe Island Marine Park,0
Ostorhinchus flavus,-31.51,159.05,2010,2,18,15,15,-32_159,21.72306474049886,25.04777717590332,22.036905469780876,25.60339229447501,2004,Lord Howe Island Marine Park,0
Ostorhinchus flavus,-31.51,159.05,2010,2,18,12.5,1,-32_159,21.72306474049886,25.04777717590332,22.036905469780876,25.60339229447501,2004,Lord Howe Island Marine Park,0
Ostorhinchus flavus,-31.51,159.05,2010,2,18,15,2,-32_159,21.72306474049886,25.04777717590332,22.036905469780876,25.60339229447501,2004,Lord Howe Island Marine Park,0
Ostorhinchus flavus,-31.55,159.07,2009,2,6,10,2,-32_159,21.176898956298828,24.173982620239254,21.653498089423376,25.09160658291408,NA,NA,0
Ostorhinchus flavus,-31.55,159.07,2009,2,6,10,27,-32_159,21.176898956298828,24.173982620239254,21.653498089423376,25.09160658291408,NA,NA,0
Ostorhinchus flavus,-31.55,159.07,2009,2,6,12.5,16,-32_159,21.176898956298828,24.173982620239254,21.653498089423376,25.09160658291408,NA,NA,0
Ostorhinchus flavus,-31.55,159.06,2010,2,19,7.5,32,-32_159,21.72306474049886,25.04777717590332,22.036905469780876,25.60339229447501,2004,Lord Howe Island Marine Park,0
Ostorhinchus flavus,-31.55,159.06,2010,2,19,7.5,2,-32_159,21.72306474049886,25.04777717590332,22.036905469780876,25.60339229447501,2004,Lord Howe Island Marine Park,0
Ostorhinchus flavus,-31.55,159.06,2010,2,19,10,8,-32_159,21.72306474049886,25.04777717590332,22.036905469780876,25.60339229447501,2004,Lord Howe Island Marine Park,0
Ostorhinchus flavus,-31.55,159.06,2010,2,19,12.5,4,-32_159,21.72306474049886,25.04777717590332,22.036905469780876,25.60339229447501,2004,Lord Howe Island Marine Park,0
Ostorhinchus flavus,-31.54,159.07,2009,2,3,12.5,11,-32_159,21.176898956298828,24.173982620239254,21.653498089423376,25.09160658291408,2004,Lord Howe Island Marine Park,0
Ostorhinchus flavus,-31.51,159.05,2010,2,18,10,75,-32_159,21.72306474049886,25.04777717590332,22.036905469780876,25.60339229447501,2004,Lord Howe Island Marine Park,0
Ostorhinchus flavus,-31.54,159.07,2010,2,7,10,4,-32_159,21.72306474049886,25.04777717590332,22.036905469780876,25.60339229447501,2004,Lord Howe Island Marine Park,0
Ostorhinchus flavus,-31.54,159.07,2010,2,7,12.5,8,-32_159,21.72306474049886,25.04777717590332,22.036905469780876,25.60339229447501,2004,Lord Howe Island Marine Park,0
Ostorhinchus flavus,-31.54,159.07,2010,2,7,12.5,50,-32_159,21.72306474049886,25.04777717590332,22.036905469780876,25.60339229447501,2004,Lord Howe Island Marine Park,0
Ostorhinchus flavus,-31.54,159.07,2010,2,7,15,51,-32_159,21.72306474049886,25.04777717590332,22.036905469780876,25.60339229447501,2004,Lord Howe Island Marine Park,0
Ostorhinchus flavus,-31.54,159.07,2010,2,7,12.5,55,-32_159,21.72306474049886,25.04777717590332,22.036905469780876,25.60339229447501,2004,Lord Howe Island Marine Park,0
Ostorhinchus flavus,-31.54,159.07,2009,2,3,2.5,4,-32_159,21.176898956298828,24.173982620239254,21.653498089423376,25.09160658291408,2004,Lord Howe Island Marine Park,0
Ostorhinchus flavus,-31.54,159.07,2009,2,3,7.5,5,-32_159,21.176898956298828,24.173982620239254,21.653498089423376,25.09160658291408,2004,Lord Howe Island Marine Park,0
Ostorhinchus flavus,-31.54,159.07,2009,2,3,10,25,-32_159,21.176898956298828,24.173982620239254,21.653498089423376,25.09160658291408,2004,Lord Howe Island Marine Park,0
Ostorhinchus flavus,-31.54,159.07,2009,2,3,12.5,20,-32_159,21.176898956298828,24.173982620239254,21.653498089423376,25.09160658291408,2004,Lord Howe Island Marine Park,0
Ostorhinchus flavus,-31.54,159.07,2009,2,3,12.5,2,-32_159,21.176898956298828,24.173982620239254,21.653498089423376,25.09160658291408,2004,Lord Howe Island Marine Park,0
Ostorhinchus flavus,-31.54,159.07,2009,2,3,12.5,4,-32_159,21.176898956298828,24.173982620239254,21.653498089423376,25.09160658291408,2004,Lord Howe Island Marine Park,0
Ostorhinchus flavus,-31.54,159.07,2009,2,3,15,4,-32_159,21.176898956298828,24.173982620239254,21.653498089423376,25.09160658291408,2004,Lord Howe Island Marine Park,0
Ostorhinchus flavus,-31.54,159.07,2009,2,3,20,2,-32_159,21.176898956298828,24.173982620239254,21.653498089423376,25.09160658291408,2004,Lord Howe Island Marine Park,0
Ostorhinchus flavus,-31.55,159.07,2010,2,9,7.5,8,-32_159,21.72306474049886,25.04777717590332,22.036905469780876,25.60339229447501,NA,NA,0
Ostorhinchus flavus,-31.55,159.07,2010,2,9,10,9,-32_159,21.72306474049886,25.04777717590332,22.036905469780876,25.60339229447501,NA,NA,0
Ostorhinchus flavus,-31.55,159.07,2010,2,9,12.5,3,-32_159,21.72306474049886,25.04777717590332,22.036905469780876,25.60339229447501,NA,NA,0
Ostorhinchus flavus,-31.54,159.07,2010,2,7,12.5,4,-32_159,21.72306474049886,25.04777717590332,22.036905469780876,25.60339229447501,2004,Lord Howe Island Marine Park,0
Ostorhinchus flavus,-31.54,159.07,2010,2,7,10,5,-32_159,21.72306474049886,25.04777717590332,22.036905469780876,25.60339229447501,2004,Lord Howe Island Marine Park,0
Ostorhinchus flavus,-31.54,159.07,2010,2,7,12.5,12,-32_159,21.72306474049886,25.04777717590332,22.036905469780876,25.60339229447501,2004,Lord Howe Island Marine Park,0
Ostorhinchus flavus,-31.55,159.07,2010,2,9,5,20,-32_159,21.72306474049886,25.04777717590332,22.036905469780876,25.60339229447501,NA,NA,0
Ostorhinchus flavus,-31.55,159.07,2010,2,9,7.5,40,-32_159,21.72306474049886,25.04777717590332,22.036905469780876,25.60339229447501,NA,NA,0
Ostorhinchus flavus,-31.55,159.07,2010,2,9,10,40,-32_159,21.72306474049886,25.04777717590332,22.036905469780876,25.60339229447501,NA,NA,0
Ostorhinchus flavus,-31.55,159.07,2010,2,9,7.5,12,-32_159,21.72306474049886,25.04777717590332,22.036905469780876,25.60339229447501,NA,NA,0
Ostorhinchus flavus,-31.55,159.07,2010,2,9,12.5,12,-32_159,21.72306474049886,25.04777717590332,22.036905469780876,25.60339229447501,NA,NA,0
Ostorhinchus flavus,-31.55,159.07,2010,2,9,15,17,-32_159,21.72306474049886,25.04777717590332,22.036905469780876,25.60339229447501,NA,NA,0
Ostorhinchus flavus,-31.55,159.07,2010,2,9,7.5,2,-32_159,21.72306474049886,25.04777717590332,22.036905469780876,25.60339229447501,NA,NA,0
Ostorhinchus flavus,-31.55,159.07,2010,2,9,10,8,-32_159,21.72306474049886,25.04777717590332,22.036905469780876,25.60339229447501,NA,NA,0
Ostorhinchus flavus,-31.55,159.07,2010,2,9,12.5,35,-32_159,21.72306474049886,25.04777717590332,22.036905469780876,25.60339229447501,NA,NA,0
Ostorhinchus flavus,-31.57,159.1,2012,2,20,12.5,2,-32_159,20.916617552439373,23.9117488861084,20.987408518711636,24.314826998217352,2004,Lord Howe Island Marine Park,0
Ostorhinchus flavus,-31.57,159.1,2012,2,20,15,1,-32_159,20.916617552439373,23.9117488861084,20.987408518711636,24.314826998217352,2004,Lord Howe Island Marine Park,0
Ostorhinchus flavus,-31.57,159.1,2012,2,20,12.5,7,-32_159,20.916617552439373,23.9117488861084,20.987408518711636,24.314826998217352,2004,Lord Howe Island Marine Park,0
Ostorhinchus flavus,-31.57,159.1,2012,2,20,15,7,-32_159,20.916617552439373,23.9117488861084,20.987408518711636,24.314826998217352,2004,Lord Howe Island Marine Park,0
Ostorhinchus flavus,-31.54,159.07,2012,2,21,10,5,-32_159,20.916617552439373,23.9117488861084,20.987408518711636,24.314826998217352,2004,Lord Howe Island Marine Park,0
Ostorhinchus flavus,-31.54,159.07,2012,2,21,12.5,10,-32_159,20.916617552439373,23.9117488861084,20.987408518711636,24.314826998217352,2004,Lord Howe Island Marine Park,0
Ostorhinchus flavus,-31.51,159.07,2012,2,22,5,150,-32_159,20.916617552439373,23.9117488861084,20.987408518711636,24.314826998217352,2004,Lord Howe Island Marine Park,0
Ostorhinchus flavus,-31.51,159.07,2012,2,22,10,2,-32_159,20.916617552439373,23.9117488861084,20.987408518711636,24.314826998217352,2004,Lord Howe Island Marine Park,0
Ostorhinchus flavus,-31.51,159.07,2012,2,22,10,1,-32_159,20.916617552439373,23.9117488861084,20.987408518711636,24.314826998217352,2004,Lord Howe Island Marine Park,0
Ostorhinchus flavus,-31.51,159.07,2012,2,22,7.5,2,-32_159,20.916617552439373,23.9117488861084,20.987408518711636,24.314826998217352,2004,Lord Howe Island Marine Park,0
Ostorhinchus flavus,-31.51,159.07,2012,2,22,10,6,-32_159,20.916617552439373,23.9117488861084,20.987408518711636,24.314826998217352,2004,Lord Howe Island Marine Park,0
Ostorhinchus flavus,-31.51,159.07,2012,2,22,5,2,-32_159,20.916617552439373,23.9117488861084,20.987408518711636,24.314826998217352,2004,Lord Howe Island Marine Park,0
Ostorhinchus flavus,-31.52,159.08,2012,2,22,5,3,-32_159,20.916617552439373,23.9117488861084,20.987408518711636,24.314826998217352,NA,NA,0
Ostorhinchus flavus,-31.5,159.07,2012,2,23,2.5,3,-32_159,20.916617552439373,23.9117488861084,20.987408518711636,24.314826998217352,2004,Lord Howe Island Marine Park,0
Ostorhinchus flavus,-31.56,159.1,2012,2,23,12.5,15,-32_159,20.916617552439373,23.9117488861084,20.987408518711636,24.314826998217352,NA,NA,0
Ostorhinchus flavus,-31.51,159.06,2012,2,23,2.5,2,-32_159,20.916617552439373,23.9117488861084,20.987408518711636,24.314826998217352,2004,Lord Howe Island Marine Park,0
Ostorhinchus flavus,-31.51,159.06,2012,2,23,5,1,-32_159,20.916617552439373,23.9117488861084,20.987408518711636,24.314826998217352,2004,Lord Howe Island Marine Park,0
Ostorhinchus flavus,-31.51,159.06,2012,2,23,12.5,2,-32_159,20.916617552439373,23.9117488861084,20.987408518711636,24.314826998217352,2004,Lord Howe Island Marine Park,0
Ostorhinchus flavus,-31.51,159.06,2012,2,23,15,3,-32_159,20.916617552439373,23.9117488861084,20.987408518711636,24.314826998217352,2004,Lord Howe Island Marine Park,0
Ostorhinchus flavus,-31.52,159.04,2012,2,24,10,2,-32_159,20.916617552439373,23.9117488861084,20.987408518711636,24.314826998217352,NA,NA,0
Ostorhinchus flavus,-31.5,159.07,2012,2,24,12.5,2,-32_159,20.916617552439373,23.9117488861084,20.987408518711636,24.314826998217352,NA,NA,0
Ostorhinchus flavus,-31.53,159.05,2012,2,25,12.5,4,-32_159,20.916617552439373,23.9117488861084,20.987408518711636,24.314826998217352,NA,NA,0
Ostorhinchus flavus,-31.53,159.05,2012,2,25,7.5,2,-32_159,20.916617552439373,23.9117488861084,20.987408518711636,24.314826998217352,NA,NA,0
Ostorhinchus flavus,-31.53,159.05,2012,2,25,10,5,-32_159,20.916617552439373,23.9117488861084,20.987408518711636,24.314826998217352,NA,NA,0
Ostorhinchus flavus,-31.54,159.07,2012,2,21,10,10,-32_159,20.916617552439373,23.9117488861084,20.987408518711636,24.314826998217352,2004,Lord Howe Island Marine Park,0
Ostorhinchus flavus,-31.54,159.07,2012,2,21,12.5,10,-32_159,20.916617552439373,23.9117488861084,20.987408518711636,24.314826998217352,2004,Lord Howe Island Marine Park,0
Ostorhinchus flavus,-31.56,159.07,2012,2,27,12.5,1,-32_159,20.916617552439373,23.9117488861084,20.987408518711636,24.314826998217352,NA,NA,0
Ostorhinchus flavus,-31.53,159.05,2012,2,27,7.5,5,-32_159,20.916617552439373,23.9117488861084,20.987408518711636,24.314826998217352,NA,NA,0
Ostorhinchus flavus,-31.53,159.05,2012,2,27,10,3,-32_159,20.916617552439373,23.9117488861084,20.987408518711636,24.314826998217352,NA,NA,0
Ostorhinchus flavus,-31.53,159.05,2012,2,27,7.5,4,-32_159,20.916617552439373,23.9117488861084,20.987408518711636,24.314826998217352,NA,NA,0
Ostorhinchus flavus,-31.53,159.05,2012,2,27,10,4,-32_159,20.916617552439373,23.9117488861084,20.987408518711636,24.314826998217352,NA,NA,0
Ostorhinchus flavus,-31.55,159.07,2012,2,27,7.5,2,-32_159,20.916617552439373,23.9117488861084,20.987408518711636,24.314826998217352,NA,NA,0
Ostorhinchus flavus,-31.55,159.07,2012,2,27,7.5,3,-32_159,20.916617552439373,23.9117488861084,20.987408518711636,24.314826998217352,NA,NA,0
Ostorhinchus flavus,-31.55,159.07,2012,2,27,12.5,57,-32_159,20.916617552439373,23.9117488861084,20.987408518711636,24.314826998217352,NA,NA,0
Ostorhinchus flavus,-31.55,159.07,2012,2,27,10,25,-32_159,20.916617552439373,23.9117488861084,20.987408518711636,24.314826998217352,NA,NA,0
Ostorhinchus flavus,-31.55,159.07,2012,2,27,12.5,50,-32_159,20.916617552439373,23.9117488861084,20.987408518711636,24.314826998217352,NA,NA,0
Ostorhinchus flavus,-31.54,159.07,2012,2,21,7.5,10,-32_159,20.916617552439373,23.9117488861084,20.987408518711636,24.314826998217352,2004,Lord Howe Island Marine Park,0
Ostorhinchus flavus,-31.54,159.07,2012,2,21,7.5,11,-32_159,20.916617552439373,23.9117488861084,20.987408518711636,24.314826998217352,2004,Lord Howe Island Marine Park,0
Ostorhinchus flavus,-31.54,159.07,2012,2,21,7.5,52,-32_159,20.916617552439373,23.9117488861084,20.987408518711636,24.314826998217352,2004,Lord Howe Island Marine Park,0
Ostorhinchus flavus,-31.54,159.07,2012,2,21,15,3,-32_159,20.916617552439373,23.9117488861084,20.987408518711636,24.314826998217352,2004,Lord Howe Island Marine Park,0
Ostorhinchus flavus,-31.55,159.07,2012,2,27,10,5,-32_159,20.916617552439373,23.9117488861084,20.987408518711636,24.314826998217352,NA,NA,0
Ostorhinchus flavus,-31.55,159.07,2012,2,27,12.5,10,-32_159,20.916617552439373,23.9117488861084,20.987408518711636,24.314826998217352,NA,NA,0
Ostorhinchus flavus,-31.54,159.05,2012,2,28,10,40,-32_159,20.916617552439373,23.9117488861084,20.987408518711636,24.314826998217352,2004,Lord Howe Island Marine Park,0
Ostorhinchus flavus,-31.54,159.05,2012,2,28,12.5,2,-32_159,20.916617552439373,23.9117488861084,20.987408518711636,24.314826998217352,2004,Lord Howe Island Marine Park,0
Ostorhinchus flavus,-31.54,159.05,2012,2,28,10,3,-32_159,20.916617552439373,23.9117488861084,20.987408518711636,24.314826998217352,2004,Lord Howe Island Marine Park,0
Ostorhinchus flavus,-31.54,159.05,2012,2,28,12.5,1,-32_159,20.916617552439373,23.9117488861084,20.987408518711636,24.314826998217352,2004,Lord Howe Island Marine Park,0
Ostorhinchus flavus,-31.54,159.05,2012,2,28,7.5,7,-32_159,20.916617552439373,23.9117488861084,20.987408518711636,24.314826998217352,2004,Lord Howe Island Marine Park,0
Ostorhinchus flavus,-31.51,159.05,2012,2,24,12.5,3,-32_159,20.916617552439373,23.9117488861084,20.987408518711636,24.314826998217352,2004,Lord Howe Island Marine Park,0
Ostorhinchus flavus,-31.51,159.05,2012,2,24,7.5,2,-32_159,20.916617552439373,23.9117488861084,20.987408518711636,24.314826998217352,2004,Lord Howe Island Marine Park,0
Ostorhinchus flavus,-31.57,159.07,2012,2,25,7.5,11,-32_159,20.916617552439373,23.9117488861084,20.987408518711636,24.314826998217352,NA,NA,0
Ostorhinchus flavus,-31.57,159.07,2012,2,25,10,10,-32_159,20.916617552439373,23.9117488861084,20.987408518711636,24.314826998217352,NA,NA,0
Ostorhinchus flavus,-31.57,159.07,2012,2,25,12.5,30,-32_159,20.916617552439373,23.9117488861084,20.987408518711636,24.314826998217352,NA,NA,0
Ostorhinchus flavus,-31.55,159.06,2012,2,25,15,6,-32_159,20.916617552439373,23.9117488861084,20.987408518711636,24.314826998217352,2004,Lord Howe Island Marine Park,0
Ostorhinchus flavus,-31.55,159.06,2012,2,25,12.5,25,-32_159,20.916617552439373,23.9117488861084,20.987408518711636,24.314826998217352,2004,Lord Howe Island Marine Park,0
Ostorhinchus flavus,-31.54,159.07,2012,2,21,12.5,8,-32_159,20.916617552439373,23.9117488861084,20.987408518711636,24.314826998217352,2004,Lord Howe Island Marine Park,0
Ostorhinchus flavus,-31.75,159.24,2012,2,28,12.5,3,-32_159,20.916617552439373,23.9117488861084,20.987408518711636,24.314826998217352,2004,Lord Howe Island Marine Park,0
Ostorhinchus flavus,-31.53,159.05,2012,2,25,12.5,2,-32_159,20.916617552439373,23.9117488861084,20.987408518711636,24.314826998217352,NA,NA,0
Ostorhinchus flavus,-31.55,159.06,2012,2,29,12.5,3,-32_159,20.916617552439373,23.9117488861084,20.987408518711636,24.314826998217352,2004,Lord Howe Island Marine Park,0
Ostorhinchus flavus,-31.55,159.06,2012,2,29,12.5,20,-32_159,20.916617552439373,23.9117488861084,20.987408518711636,24.314826998217352,2004,Lord Howe Island Marine Park,0
Ostorhinchus flavus,-31.55,159.06,2012,2,29,7.5,8,-32_159,20.916617552439373,23.9117488861084,20.987408518711636,24.314826998217352,2004,Lord Howe Island Marine Park,0
Ostorhinchus flavus,-31.55,159.06,2012,2,29,10,1,-32_159,20.916617552439373,23.9117488861084,20.987408518711636,24.314826998217352,2004,Lord Howe Island Marine Park,0
Ostorhinchus flavus,-31.54,159.05,2014,2,27,12.5,80,-32_159,21.248451550801594,23.568195343017575,21.55651573930956,23.92517791475569,2004,Lord Howe Island Marine Park,1
Ostorhinchus flavus,-31.54,159.05,2014,2,27,12.5,20,-32_159,21.248451550801594,23.568195343017575,21.55651573930956,23.92517791475569,2004,Lord Howe Island Marine Park,1
Ostorhinchus flavus,-31.53,159.05,2014,2,17,15,2,-32_159,21.248451550801594,23.568195343017575,21.55651573930956,23.92517791475569,NA,NA,0
Ostorhinchus flavus,-31.51,159.05,2014,2,27,12.5,50,-32_159,21.248451550801594,23.568195343017575,21.55651573930956,23.92517791475569,2004,Lord Howe Island Marine Park,1
Ostorhinchus flavus,-31.51,159.05,2014,2,27,15,50,-32_159,21.248451550801594,23.568195343017575,21.55651573930956,23.92517791475569,2004,Lord Howe Island Marine Park,1
Ostorhinchus flavus,-31.51,159.05,2014,2,27,7.5,40,-32_159,21.248451550801594,23.568195343017575,21.55651573930956,23.92517791475569,2004,Lord Howe Island Marine Park,1
Ostorhinchus flavus,-31.51,159.05,2014,2,27,10,10,-32_159,21.248451550801594,23.568195343017575,21.55651573930956,23.92517791475569,2004,Lord Howe Island Marine Park,1
Ostorhinchus flavus,-31.55,159.06,2014,2,27,12.5,5,-32_159,21.248451550801594,23.568195343017575,21.55651573930956,23.92517791475569,2004,Lord Howe Island Marine Park,1
Ostorhinchus flavus,-31.51,159.05,2014,2,18,15,3,-32_159,21.248451550801594,23.568195343017575,21.55651573930956,23.92517791475569,2004,Lord Howe Island Marine Park,1
Ostorhinchus flavus,-31.55,159.06,2014,2,20,15,30,-32_159,21.248451550801594,23.568195343017575,21.55651573930956,23.92517791475569,2004,Lord Howe Island Marine Park,1
Ostorhinchus flavus,-31.55,159.06,2014,2,20,12.5,20,-32_159,21.248451550801594,23.568195343017575,21.55651573930956,23.92517791475569,2004,Lord Howe Island Marine Park,1
Ostorhinchus flavus,-31.55,159.06,2014,2,20,15,20,-32_159,21.248451550801594,23.568195343017575,21.55651573930956,23.92517791475569,2004,Lord Howe Island Marine Park,1
Ostorhinchus flavus,-31.54,159.07,2014,2,24,12.5,2,-32_159,21.248451550801594,23.568195343017575,21.55651573930956,23.92517791475569,2004,Lord Howe Island Marine Park,1
Ostorhinchus flavus,-31.54,159.07,2014,2,24,12.5,10,-32_159,21.248451550801594,23.568195343017575,21.55651573930956,23.92517791475569,2004,Lord Howe Island Marine Park,1
Ostorhinchus flavus,-31.58,159.07,2014,2,21,12.5,2,-32_159,21.248451550801594,23.568195343017575,21.55651573930956,23.92517791475569,NA,NA,0
Ostorhinchus flavus,-31.55,159.07,2014,2,27,10,30,-32_159,21.248451550801594,23.568195343017575,21.55651573930956,23.92517791475569,NA,NA,0
Ostorhinchus flavus,-31.55,159.07,2014,2,27,7.5,17,-32_159,21.248451550801594,23.568195343017575,21.55651573930956,23.92517791475569,NA,NA,0
Ostorhinchus flavus,-31.55,159.07,2014,2,27,10,17,-32_159,21.248451550801594,23.568195343017575,21.55651573930956,23.92517791475569,NA,NA,0
Ostorhinchus flavus,-31.55,159.07,2014,2,27,12.5,4,-32_159,21.248451550801594,23.568195343017575,21.55651573930956,23.92517791475569,NA,NA,0
Ostorhinchus flavus,-31.57,159.1,2014,2,18,10,10,-32_159,21.248451550801594,23.568195343017575,21.55651573930956,23.92517791475569,2004,Lord Howe Island Marine Park,1
Ostorhinchus flavus,-31.56,159.1,2014,2,18,12.5,1,-32_159,21.248451550801594,23.568195343017575,21.55651573930956,23.92517791475569,NA,NA,0
Ostorhinchus flavus,-31.56,159.1,2014,2,18,20,5,-32_159,21.248451550801594,23.568195343017575,21.55651573930956,23.92517791475569,NA,NA,0
Ostorhinchus flavus,-31.51,159.05,2014,2,27,5,10,-32_159,21.248451550801594,23.568195343017575,21.55651573930956,23.92517791475569,2004,Lord Howe Island Marine Park,1
Ostorhinchus flavus,-31.54,159.07,2014,2,24,10,14,-32_159,21.248451550801594,23.568195343017575,21.55651573930956,23.92517791475569,2004,Lord Howe Island Marine Park,1
Ostorhinchus flavus,-31.54,159.07,2014,2,24,5,1,-32_159,21.248451550801594,23.568195343017575,21.55651573930956,23.92517791475569,2004,Lord Howe Island Marine Park,1
Ostorhinchus flavus,-31.54,159.05,2014,2,27,7.5,5,-32_159,21.248451550801594,23.568195343017575,21.55651573930956,23.92517791475569,2004,Lord Howe Island Marine Park,1
Ostorhinchus flavus,-31.54,159.05,2014,2,27,10,5,-32_159,21.248451550801594,23.568195343017575,21.55651573930956,23.92517791475569,2004,Lord Howe Island Marine Park,1
Ostorhinchus flavus,-31.54,159.05,2014,2,27,12.5,5,-32_159,21.248451550801594,23.568195343017575,21.55651573930956,23.92517791475569,2004,Lord Howe Island Marine Park,1
Ostorhinchus flavus,-31.54,159.05,2014,2,27,7.5,20,-32_159,21.248451550801594,23.568195343017575,21.55651573930956,23.92517791475569,2004,Lord Howe Island Marine Park,1
Ostorhinchus flavus,-31.54,159.05,2014,2,27,7.5,20,-32_159,21.248451550801594,23.568195343017575,21.55651573930956,23.92517791475569,2004,Lord Howe Island Marine Park,1
Ostorhinchus flavus,-31.55,159.06,2014,2,20,7.5,10,-32_159,21.248451550801594,23.568195343017575,21.55651573930956,23.92517791475569,2004,Lord Howe Island Marine Park,1
Ostorhinchus flavus,-31.58,159.07,2014,2,21,10,17,-32_159,21.248451550801594,23.568195343017575,21.55651573930956,23.92517791475569,NA,NA,0
Ostorhinchus flavus,-31.58,159.07,2014,2,21,7.5,1,-32_159,21.248451550801594,23.568195343017575,21.55651573930956,23.92517791475569,NA,NA,0
Ostorhinchus flavus,-31.57,159.1,2014,2,18,10,3,-32_159,21.248451550801594,23.568195343017575,21.55651573930956,23.92517791475569,2004,Lord Howe Island Marine Park,1
Ostorhinchus flavus,-31.56,159.1,2014,2,18,12.5,2,-32_159,21.248451550801594,23.568195343017575,21.55651573930956,23.92517791475569,NA,NA,0
Ostorhinchus flavus,-31.55,159.06,2014,2,27,10,20,-32_159,21.248451550801594,23.568195343017575,21.55651573930956,23.92517791475569,2004,Lord Howe Island Marine Park,1
Ostorhinchus flavus,-31.55,159.06,2014,2,27,10,3,-32_159,21.248451550801594,23.568195343017575,21.55651573930956,23.92517791475569,2004,Lord Howe Island Marine Park,1
Ostorhinchus flavus,-31.52,159.08,2014,2,19,12.5,1,-32_159,21.248451550801594,23.568195343017575,21.55651573930956,23.92517791475569,NA,NA,0
Ostorhinchus flavus,-31.52,159.08,2014,2,19,10,1,-32_159,21.248451550801594,23.568195343017575,21.55651573930956,23.92517791475569,NA,NA,0
Ostorhinchus flavus,-31.53,159.05,2014,2,21,10,15,-32_159,21.248451550801594,23.568195343017575,21.55651573930956,23.92517791475569,NA,NA,0
Ostorhinchus flavus,-31.53,159.05,2014,2,21,12.5,15,-32_159,21.248451550801594,23.568195343017575,21.55651573930956,23.92517791475569,NA,NA,0
Ostorhinchus flavus,-31.53,159.05,2014,2,21,10,5,-32_159,21.248451550801594,23.568195343017575,21.55651573930956,23.92517791475569,NA,NA,0
Ostorhinchus flavus,-31.53,159.05,2014,2,21,12.5,5,-32_159,21.248451550801594,23.568195343017575,21.55651573930956,23.92517791475569,NA,NA,0
Ostorhinchus flavus,-31.54,159.07,2014,2,24,12.5,8,-32_159,21.248451550801594,23.568195343017575,21.55651573930956,23.92517791475569,2004,Lord Howe Island Marine Park,1
Ostorhinchus flavus,-31.54,159.07,2014,2,24,7.5,1,-32_159,21.248451550801594,23.568195343017575,21.55651573930956,23.92517791475569,2004,Lord Howe Island Marine Park,1
Ostorhinchus flavus,-31.54,159.07,2014,2,24,10,6,-32_159,21.248451550801594,23.568195343017575,21.55651573930956,23.92517791475569,2004,Lord Howe Island Marine Park,1
Ostorhinchus flavus,-31.54,159.07,2014,2,24,12.5,4,-32_159,21.248451550801594,23.568195343017575,21.55651573930956,23.92517791475569,2004,Lord Howe Island Marine Park,1
Ostorhinchus flavus,-31.55,159.07,2014,2,27,10,2,-32_159,21.248451550801594,23.568195343017575,21.55651573930956,23.92517791475569,NA,NA,0
Ostorhinchus flavus,-31.54,159.05,2014,2,27,7.5,10,-32_159,21.248451550801594,23.568195343017575,21.55651573930956,23.92517791475569,2004,Lord Howe Island Marine Park,1
Ostorhinchus flavus,-31.54,159.05,2014,2,27,10,4,-32_159,21.248451550801594,23.568195343017575,21.55651573930956,23.92517791475569,2004,Lord Howe Island Marine Park,1
Ostorhinchus flavus,-31.54,159.05,2014,2,27,7.5,3,-32_159,21.248451550801594,23.568195343017575,21.55651573930956,23.92517791475569,2004,Lord Howe Island Marine Park,1
Ostorhinchus flavus,-31.53,159.05,2014,2,17,5,10,-32_159,21.248451550801594,23.568195343017575,21.55651573930956,23.92517791475569,NA,NA,0
Ostorhinchus flavus,-31.53,159.05,2014,2,17,7.5,30,-32_159,21.248451550801594,23.568195343017575,21.55651573930956,23.92517791475569,NA,NA,0
Ostorhinchus flavus,-31.53,159.05,2014,2,17,10,3,-32_159,21.248451550801594,23.568195343017575,21.55651573930956,23.92517791475569,NA,NA,0
Ostorhinchus flavus,-31.51,159.07,2014,2,23,10,2,-32_159,21.248451550801594,23.568195343017575,21.55651573930956,23.92517791475569,2004,Lord Howe Island Marine Park,1
Ostorhinchus flavus,-31.51,159.05,2014,2,18,10,10,-32_159,21.248451550801594,23.568195343017575,21.55651573930956,23.92517791475569,2004,Lord Howe Island Marine Park,1
Ostorhinchus flavus,-31.51,159.05,2014,2,18,10,4,-32_159,21.248451550801594,23.568195343017575,21.55651573930956,23.92517791475569,2004,Lord Howe Island Marine Park,1
Ostorhinchus flavus,-31.52,159.05,2014,2,16,7.5,3,-32_159,21.248451550801594,23.568195343017575,21.55651573930956,23.92517791475569,2004,Lord Howe Island Marine Park,1
Ostorhinchus flavus,-31.52,159.05,2014,2,16,10,3,-32_159,21.248451550801594,23.568195343017575,21.55651573930956,23.92517791475569,2004,Lord Howe Island Marine Park,1
Ostorhinchus flavus,-31.52,159.05,2014,2,16,5,20,-32_159,21.248451550801594,23.568195343017575,21.55651573930956,23.92517791475569,2004,Lord Howe Island Marine Park,1
Ostorhinchus flavus,-31.56,159.07,2016,2,16,5,15,-32_159,21.566373189290363,24.46283721923828,21.899912831627415,24.36379255097488,NA,NA,0
Ostorhinchus flavus,-31.56,159.07,2016,2,16,7.5,32,-32_159,21.566373189290363,24.46283721923828,21.899912831627415,24.36379255097488,NA,NA,0
Ostorhinchus flavus,-31.56,159.07,2016,2,16,5,8,-32_159,21.566373189290363,24.46283721923828,21.899912831627415,24.36379255097488,NA,NA,0
Ostorhinchus flavus,-31.56,159.07,2016,2,16,7.5,20,-32_159,21.566373189290363,24.46283721923828,21.899912831627415,24.36379255097488,NA,NA,0
Ostorhinchus flavus,-31.57,159.07,2016,2,16,7.5,2,-32_159,21.566373189290363,24.46283721923828,21.899912831627415,24.36379255097488,NA,NA,0
Ostorhinchus flavus,-31.57,159.07,2016,2,16,10,1,-32_159,21.566373189290363,24.46283721923828,21.899912831627415,24.36379255097488,NA,NA,0
Ostorhinchus flavus,-31.54,159.07,2016,2,18,5,1,-32_159,21.566373189290363,24.46283721923828,21.899912831627415,24.36379255097488,2004,Lord Howe Island Marine Park,1
Ostorhinchus flavus,-31.54,159.07,2016,2,18,7.5,2,-32_159,21.566373189290363,24.46283721923828,21.899912831627415,24.36379255097488,2004,Lord Howe Island Marine Park,1
Ostorhinchus flavus,-31.54,159.07,2016,2,18,10,2,-32_159,21.566373189290363,24.46283721923828,21.899912831627415,24.36379255097488,2004,Lord Howe Island Marine Park,1
Ostorhinchus flavus,-31.54,159.07,2016,2,18,7.5,5,-32_159,21.566373189290363,24.46283721923828,21.899912831627415,24.36379255097488,2004,Lord Howe Island Marine Park,1
Ostorhinchus flavus,-31.54,159.07,2016,2,18,10,3,-32_159,21.566373189290363,24.46283721923828,21.899912831627415,24.36379255097488,2004,Lord Howe Island Marine Park,1
Ostorhinchus flavus,-31.54,159.07,2016,2,18,12.5,4,-32_159,21.566373189290363,24.46283721923828,21.899912831627415,24.36379255097488,2004,Lord Howe Island Marine Park,1
Ostorhinchus flavus,-31.54,159.07,2016,2,18,10,3,-32_159,21.566373189290363,24.46283721923828,21.899912831627415,24.36379255097488,2004,Lord Howe Island Marine Park,1
Ostorhinchus flavus,-31.54,159.07,2016,2,18,12.5,4,-32_159,21.566373189290363,24.46283721923828,21.899912831627415,24.36379255097488,2004,Lord Howe Island Marine Park,1
Ostorhinchus flavus,-31.54,159.07,2016,2,18,15,4,-32_159,21.566373189290363,24.46283721923828,21.899912831627415,24.36379255097488,2004,Lord Howe Island Marine Park,1
Ostorhinchus flavus,-31.54,159.07,2016,2,18,12.5,3,-32_159,21.566373189290363,24.46283721923828,21.899912831627415,24.36379255097488,2004,Lord Howe Island Marine Park,1
Ostorhinchus flavus,-31.54,159.07,2016,2,18,15,2,-32_159,21.566373189290363,24.46283721923828,21.899912831627415,24.36379255097488,2004,Lord Howe Island Marine Park,1
Ostorhinchus flavus,-31.52,159.04,2016,2,15,10,2,-32_159,21.566373189290363,24.46283721923828,21.899912831627415,24.36379255097488,NA,NA,0
Ostorhinchus flavus,-31.57,159.07,2016,2,16,7.5,22,-32_159,21.566373189290363,24.46283721923828,21.899912831627415,24.36379255097488,NA,NA,0
Ostorhinchus flavus,-31.57,159.07,2016,2,16,10,10,-32_159,21.566373189290363,24.46283721923828,21.899912831627415,24.36379255097488,NA,NA,0
Ostorhinchus flavus,-31.53,159.05,2016,2,22,7.5,5,-32_159,21.566373189290363,24.46283721923828,21.899912831627415,24.36379255097488,NA,NA,0
Ostorhinchus flavus,-31.53,159.05,2016,2,22,10,2,-32_159,21.566373189290363,24.46283721923828,21.899912831627415,24.36379255097488,NA,NA,0
Ostorhinchus flavus,-31.55,159.06,2016,2,23,7.5,10,-32_159,21.566373189290363,24.46283721923828,21.899912831627415,24.36379255097488,2004,Lord Howe Island Marine Park,1
Ostorhinchus flavus,-31.55,159.06,2016,2,23,10,30,-32_159,21.566373189290363,24.46283721923828,21.899912831627415,24.36379255097488,2004,Lord Howe Island Marine Park,1
Ostorhinchus flavus,-31.55,159.06,2016,2,23,10,10,-32_159,21.566373189290363,24.46283721923828,21.899912831627415,24.36379255097488,2004,Lord Howe Island Marine Park,1
Ostorhinchus flavus,-31.55,159.06,2016,2,23,7.5,10,-32_159,21.566373189290363,24.46283721923828,21.899912831627415,24.36379255097488,2004,Lord Howe Island Marine Park,1
Ostorhinchus flavus,-31.55,159.06,2016,2,23,10,2,-32_159,21.566373189290363,24.46283721923828,21.899912831627415,24.36379255097488,2004,Lord Howe Island Marine Park,1
Ostorhinchus flavus,-31.55,159.07,2016,2,16,7.5,5,-32_159,21.566373189290363,24.46283721923828,21.899912831627415,24.36379255097488,NA,NA,0
Ostorhinchus flavus,-31.55,159.07,2016,2,16,10,5,-32_159,21.566373189290363,24.46283721923828,21.899912831627415,24.36379255097488,NA,NA,0
Ostorhinchus flavus,-31.54,159.07,2016,2,18,12.5,10,-32_159,21.566373189290363,24.46283721923828,21.899912831627415,24.36379255097488,2004,Lord Howe Island Marine Park,1
Ostorhinchus flavus,-31.54,159.05,2016,2,15,5,100,-32_159,21.566373189290363,24.46283721923828,21.899912831627415,24.36379255097488,2004,Lord Howe Island Marine Park,1
Ostorhinchus flavus,-31.55,159.06,2016,2,15,7.5,20,-32_159,21.566373189290363,24.46283721923828,21.899912831627415,24.36379255097488,2004,Lord Howe Island Marine Park,1
Ostorhinchus flavus,-31.55,159.06,2016,2,15,10,5,-32_159,21.566373189290363,24.46283721923828,21.899912831627415,24.36379255097488,2004,Lord Howe Island Marine Park,1
Ostorhinchus flavus,-31.55,159.06,2016,2,15,7.5,15,-32_159,21.566373189290363,24.46283721923828,21.899912831627415,24.36379255097488,2004,Lord Howe Island Marine Park,1
Ostorhinchus flavus,-31.52,159.08,2016,2,18,7.5,2,-32_159,21.566373189290363,24.46283721923828,21.899912831627415,24.36379255097488,NA,NA,0
Ostorhinchus flavus,-31.52,159.08,2016,2,18,10,2,-32_159,21.566373189290363,24.46283721923828,21.899912831627415,24.36379255097488,NA,NA,0
Ostorhinchus flavus,-31.51,159.06,2016,2,17,12.5,2,-32_159,21.566373189290363,24.46283721923828,21.899912831627415,24.36379255097488,2004,Lord Howe Island Marine Park,1
Ostorhinchus flavus,-31.51,159.06,2016,2,17,10,1,-32_159,21.566373189290363,24.46283721923828,21.899912831627415,24.36379255097488,2004,Lord Howe Island Marine Park,1
Ostorhinchus flavus,-31.51,159.06,2016,2,17,12.5,3,-32_159,21.566373189290363,24.46283721923828,21.899912831627415,24.36379255097488,2004,Lord Howe Island Marine Park,1
Ostorhinchus flavus,-31.51,159.06,2016,2,17,15,2,-32_159,21.566373189290363,24.46283721923828,21.899912831627415,24.36379255097488,2004,Lord Howe Island Marine Park,1
Ostorhinchus flavus,-31.51,159.07,2016,2,18,7.5,5,-32_159,21.566373189290363,24.46283721923828,21.899912831627415,24.36379255097488,2004,Lord Howe Island Marine Park,1
Ostorhinchus flavus,-31.51,159.07,2016,2,18,10,10,-32_159,21.566373189290363,24.46283721923828,21.899912831627415,24.36379255097488,2004,Lord Howe Island Marine Park,1
Ostorhinchus flavus,-31.51,159.07,2016,2,18,12.5,10,-32_159,21.566373189290363,24.46283721923828,21.899912831627415,24.36379255097488,2004,Lord Howe Island Marine Park,1
Ostorhinchus flavus,-31.53,159.05,2016,2,22,12.5,8,-32_159,21.566373189290363,24.46283721923828,21.899912831627415,24.36379255097488,NA,NA,0
Ostorhinchus flavus,-31.55,159.06,2016,2,23,10,1,-32_159,21.566373189290363,24.46283721923828,21.899912831627415,24.36379255097488,2004,Lord Howe Island Marine Park,1
Ostorhinchus flavus,-31.55,159.06,2016,2,23,12.5,6,-32_159,21.566373189290363,24.46283721923828,21.899912831627415,24.36379255097488,2004,Lord Howe Island Marine Park,1
Ostorhinchus flavus,-31.57,159.1,2016,2,20,5,20,-32_159,21.566373189290363,24.46283721923828,21.899912831627415,24.36379255097488,2004,Lord Howe Island Marine Park,1
Ostorhinchus flavus,-31.57,159.1,2016,2,20,7.5,60,-32_159,21.566373189290363,24.46283721923828,21.899912831627415,24.36379255097488,2004,Lord Howe Island Marine Park,1
Ostorhinchus flavus,-31.53,159.05,2016,2,22,5,1,-32_159,21.566373189290363,24.46283721923828,21.899912831627415,24.36379255097488,NA,NA,0
Ostorhinchus flavus,-31.53,159.05,2016,2,22,10,45,-32_159,21.566373189290363,24.46283721923828,21.899912831627415,24.36379255097488,NA,NA,0
Ostorhinchus flavus,-31.54,159.07,2016,2,18,7.5,5,-32_159,21.566373189290363,24.46283721923828,21.899912831627415,24.36379255097488,2004,Lord Howe Island Marine Park,1
Ostorhinchus flavus,-31.54,159.07,2016,2,18,10,5,-32_159,21.566373189290363,24.46283721923828,21.899912831627415,24.36379255097488,2004,Lord Howe Island Marine Park,1
Ostorhinchus flavus,-31.54,159.07,2016,2,18,12.5,4,-32_159,21.566373189290363,24.46283721923828,21.899912831627415,24.36379255097488,2004,Lord Howe Island Marine Park,1
Ostorhinchus flavus,-31.54,159.07,2016,2,18,7.5,3,-32_159,21.566373189290363,24.46283721923828,21.899912831627415,24.36379255097488,2004,Lord Howe Island Marine Park,1
Ostorhinchus flavus,-31.54,159.07,2016,2,18,10,3,-32_159,21.566373189290363,24.46283721923828,21.899912831627415,24.36379255097488,2004,Lord Howe Island Marine Park,1
Ostorhinchus flavus,-31.55,159.07,2016,2,16,12.5,20,-32_159,21.566373189290363,24.46283721923828,21.899912831627415,24.36379255097488,NA,NA,0
Ostorhinchus flavus,-31.55,159.07,2016,2,16,12.5,2,-32_159,21.566373189290363,24.46283721923828,21.899912831627415,24.36379255097488,NA,NA,0
Ostorhinchus flavus,-31.57,159.07,2016,2,16,15,1,-32_159,21.566373189290363,24.46283721923828,21.899912831627415,24.36379255097488,NA,NA,0
Ostorhinchus flavus,-31.57,159.07,2016,2,16,7.5,40,-32_159,21.566373189290363,24.46283721923828,21.899912831627415,24.36379255097488,NA,NA,0
Ostorhinchus flavus,-31.5,159.07,2016,2,22,12.5,2,-32_159,21.566373189290363,24.46283721923828,21.899912831627415,24.36379255097488,NA,NA,0
Ostorhinchus flavus,-31.5,159.07,2016,2,22,15,1,-32_159,21.566373189290363,24.46283721923828,21.899912831627415,24.36379255097488,NA,NA,0
Ostorhinchus flavus,-31.5,159.07,2016,2,22,20,1,-32_159,21.566373189290363,24.46283721923828,21.899912831627415,24.36379255097488,NA,NA,0
Ostorhinchus flavus,-31.54,159.05,2016,2,15,7.5,50,-32_159,21.566373189290363,24.46283721923828,21.899912831627415,24.36379255097488,2004,Lord Howe Island Marine Park,1
Ostorhinchus flavus,-31.54,159.05,2016,2,15,10,50,-32_159,21.566373189290363,24.46283721923828,21.899912831627415,24.36379255097488,2004,Lord Howe Island Marine Park,1
Ostorhinchus flavus,-31.54,159.05,2016,2,15,7.5,2,-32_159,21.566373189290363,24.46283721923828,21.899912831627415,24.36379255097488,2004,Lord Howe Island Marine Park,1
Ostorhinchus flavus,-31.54,159.05,2016,2,15,10,6,-32_159,21.566373189290363,24.46283721923828,21.899912831627415,24.36379255097488,2004,Lord Howe Island Marine Park,1
Ostorhinchus flavus,-31.54,159.05,2016,2,15,10,50,-32_159,21.566373189290363,24.46283721923828,21.899912831627415,24.36379255097488,2004,Lord Howe Island Marine Park,1
Ostorhinchus flavus,-31.54,159.05,2016,2,15,10,2,-32_159,21.566373189290363,24.46283721923828,21.899912831627415,24.36379255097488,2004,Lord Howe Island Marine Park,1
Ostorhinchus flavus,-31.54,159.05,2016,2,15,12.5,2,-32_159,21.566373189290363,24.46283721923828,21.899912831627415,24.36379255097488,2004,Lord Howe Island Marine Park,1
Ostorhinchus flavus,-31.55,159.06,2016,2,15,7.5,50,-32_159,21.566373189290363,24.46283721923828,21.899912831627415,24.36379255097488,2004,Lord Howe Island Marine Park,1
Ostorhinchus flavus,-31.55,159.06,2016,2,15,10,20,-32_159,21.566373189290363,24.46283721923828,21.899912831627415,24.36379255097488,2004,Lord Howe Island Marine Park,1
Ostorhinchus flavus,-31.57,159.07,2018,2,11,10,1,-32_159,21.317596753438313,24.50479507446289,21.51167456906573,24.00642807143075,NA,NA,0
Ostorhinchus flavus,-31.51,159.07,2018,2,13,12.5,2,-32_159,21.317596753438313,24.50479507446289,21.51167456906573,24.00642807143075,2004,Lord Howe Island Marine Park,1
Ostorhinchus flavus,-31.51,159.07,2018,2,13,5,300,-32_159,21.317596753438313,24.50479507446289,21.51167456906573,24.00642807143075,2004,Lord Howe Island Marine Park,1
Ostorhinchus flavus,-31.51,159.07,2018,2,13,10,2,-32_159,21.317596753438313,24.50479507446289,21.51167456906573,24.00642807143075,2004,Lord Howe Island Marine Park,1
Ostorhinchus flavus,-31.56,159.07,2018,2,12,7.5,2,-32_159,21.317596753438313,24.50479507446289,21.51167456906573,24.00642807143075,NA,NA,0
Ostorhinchus flavus,-31.56,159.07,2018,2,12,7.5,1,-32_159,21.317596753438313,24.50479507446289,21.51167456906573,24.00642807143075,NA,NA,0
Ostorhinchus flavus,-31.56,159.07,2018,2,12,10,1,-32_159,21.317596753438313,24.50479507446289,21.51167456906573,24.00642807143075,NA,NA,0
Ostorhinchus flavus,-31.51,159.06,2018,2,13,7.5,15,-32_159,21.317596753438313,24.50479507446289,21.51167456906573,24.00642807143075,2004,Lord Howe Island Marine Park,1
Ostorhinchus flavus,-31.51,159.06,2018,2,13,10,2,-32_159,21.317596753438313,24.50479507446289,21.51167456906573,24.00642807143075,2004,Lord Howe Island Marine Park,1
Ostorhinchus flavus,-31.51,159.06,2018,2,13,7.5,10,-32_159,21.317596753438313,24.50479507446289,21.51167456906573,24.00642807143075,2004,Lord Howe Island Marine Park,1
Ostorhinchus flavus,-31.57,159.1,2018,2,12,10,15,-32_159,21.317596753438313,24.50479507446289,21.51167456906573,24.00642807143075,2004,Lord Howe Island Marine Park,1
Ostorhinchus flavus,-31.57,159.1,2018,2,12,12.5,15,-32_159,21.317596753438313,24.50479507446289,21.51167456906573,24.00642807143075,2004,Lord Howe Island Marine Park,1
Ostorhinchus flavus,-31.56,159.1,2018,2,12,10,5,-32_159,21.317596753438313,24.50479507446289,21.51167456906573,24.00642807143075,NA,NA,0
Ostorhinchus flavus,-31.56,159.1,2018,2,12,7.5,1,-32_159,21.317596753438313,24.50479507446289,21.51167456906573,24.00642807143075,NA,NA,0
Ostorhinchus flavus,-31.56,159.1,2018,2,12,10,3,-32_159,21.317596753438313,24.50479507446289,21.51167456906573,24.00642807143075,NA,NA,0
Ostorhinchus flavus,-31.51,159.05,2018,2,14,12.5,50,-32_159,21.317596753438313,24.50479507446289,21.51167456906573,24.00642807143075,2004,Lord Howe Island Marine Park,1
Ostorhinchus flavus,-31.51,159.05,2018,2,14,10,6,-32_159,21.317596753438313,24.50479507446289,21.51167456906573,24.00642807143075,2004,Lord Howe Island Marine Park,1
Ostorhinchus flavus,-31.51,159.05,2018,2,14,12.5,6,-32_159,21.317596753438313,24.50479507446289,21.51167456906573,24.00642807143075,2004,Lord Howe Island Marine Park,1
Ostorhinchus flavus,-31.53,159.05,2018,2,15,12.5,70,-32_159,21.317596753438313,24.50479507446289,21.51167456906573,24.00642807143075,NA,NA,0
Ostorhinchus flavus,-31.53,159.05,2018,2,15,15,1,-32_159,21.317596753438313,24.50479507446289,21.51167456906573,24.00642807143075,NA,NA,0
Ostorhinchus flavus,-31.54,159.07,2018,2,16,10,2,-32_159,21.317596753438313,24.50479507446289,21.51167456906573,24.00642807143075,2004,Lord Howe Island Marine Park,1
Ostorhinchus flavus,-31.54,159.07,2018,2,16,12.5,2,-32_159,21.317596753438313,24.50479507446289,21.51167456906573,24.00642807143075,2004,Lord Howe Island Marine Park,1
Ostorhinchus flavus,-31.55,159.06,2018,2,22,15,2,-32_159,21.317596753438313,24.50479507446289,21.51167456906573,24.00642807143075,2004,Lord Howe Island Marine Park,1
Ostorhinchus flavus,-31.54,159.07,2008,2,17,10,11,-32_159,20.888954798380535,24.01853370666504,21.15015940291082,23.929654647564067,2004,Lord Howe Island Marine Park,0
Ostorhinchus flavus,-31.54,159.07,2008,2,17,10,20,-32_159,20.888954798380535,24.01853370666504,21.15015940291082,23.929654647564067,2004,Lord Howe Island Marine Park,0
Ostorhinchus flavus,-31.54,159.07,2008,2,17,7.5,5,-32_159,20.888954798380535,24.01853370666504,21.15015940291082,23.929654647564067,2004,Lord Howe Island Marine Park,0
Ostorhinchus flavus,-31.54,159.07,2008,2,17,10,35,-32_159,20.888954798380535,24.01853370666504,21.15015940291082,23.929654647564067,2004,Lord Howe Island Marine Park,0
Ostorhinchus flavus,-31.54,159.07,2008,2,17,7.5,6,-32_159,20.888954798380535,24.01853370666504,21.15015940291082,23.929654647564067,2004,Lord Howe Island Marine Park,0
Ostorhinchus flavus,-31.54,159.07,2008,2,17,10,25,-32_159,20.888954798380535,24.01853370666504,21.15015940291082,23.929654647564067,2004,Lord Howe Island Marine Park,0
Ostorhinchus flavus,-31.55,159.06,2008,2,18,10,8,-32_159,20.888954798380535,24.01853370666504,21.15015940291082,23.929654647564067,2004,Lord Howe Island Marine Park,0
Ostorhinchus flavus,-31.55,159.06,2008,2,18,10,12,-32_159,20.888954798380535,24.01853370666504,21.15015940291082,23.929654647564067,2004,Lord Howe Island Marine Park,0
Ostorhinchus flavus,-31.55,159.07,2008,2,19,10,65,-32_159,20.888954798380535,24.01853370666504,21.15015940291082,23.929654647564067,NA,NA,0
Ostorhinchus flavus,-31.55,159.07,2008,2,19,7.5,35,-32_159,20.888954798380535,24.01853370666504,21.15015940291082,23.929654647564067,NA,NA,0
Ostorhinchus flavus,-31.55,159.07,2008,2,19,10,250,-32_159,20.888954798380535,24.01853370666504,21.15015940291082,23.929654647564067,NA,NA,0
Ostorhinchus flavus,-31.55,159.06,2008,2,18,7.5,25,-32_159,20.888954798380535,24.01853370666504,21.15015940291082,23.929654647564067,2004,Lord Howe Island Marine Park,0
Ostorhinchus flavus,-31.55,159.06,2008,2,18,7.5,15,-32_159,20.888954798380535,24.01853370666504,21.15015940291082,23.929654647564067,2004,Lord Howe Island Marine Park,0
Ostorhinchus flavus,-31.55,159.06,2008,2,18,10,10,-32_159,20.888954798380535,24.01853370666504,21.15015940291082,23.929654647564067,2004,Lord Howe Island Marine Park,0
Ostorhinchus flavus,-31.55,159.06,2008,2,18,10,5,-32_159,20.888954798380535,24.01853370666504,21.15015940291082,23.929654647564067,2004,Lord Howe Island Marine Park,0
Ostorhinchus flavus,-31.55,159.07,2008,2,19,10,2,-32_159,20.888954798380535,24.01853370666504,21.15015940291082,23.929654647564067,NA,NA,0
Ostorhinchus flavus,-31.5,159.06,2008,2,16,5,15,-32_159,20.888954798380535,24.01853370666504,21.15015940291082,23.929654647564067,2004,Lord Howe Island Marine Park,0
Ostorhinchus flavus,-31.5,159.06,2008,2,16,7.5,120,-32_159,20.888954798380535,24.01853370666504,21.15015940291082,23.929654647564067,2004,Lord Howe Island Marine Park,0
Ostorhinchus flavus,-31.54,159.05,2008,2,19,10,65,-32_159,20.888954798380535,24.01853370666504,21.15015940291082,23.929654647564067,2004,Lord Howe Island Marine Park,0
Ostorhinchus flavus,-31.54,159.05,2008,2,19,10,50,-32_159,20.888954798380535,24.01853370666504,21.15015940291082,23.929654647564067,2004,Lord Howe Island Marine Park,0
Ostorhinchus flavus,-31.52,159.05,2008,2,17,2.5,1,-32_159,20.888954798380535,24.01853370666504,21.15015940291082,23.929654647564067,2004,Lord Howe Island Marine Park,0
Ostorhinchus flavus,-31.51,159.06,2008,2,24,10,3,-32_159,20.888954798380535,24.01853370666504,21.15015940291082,23.929654647564067,2004,Lord Howe Island Marine Park,0
Ostorhinchus flavus,-31.75,159.24,2008,3,8,2.5,60,-32_159,20.888954798380535,23.390670776367188,21.15015940291082,23.309031701857045,2004,Lord Howe Island Marine Park,0
Ostorhinchus flavus,-31.51,159.07,2008,2,14,5,8,-32_159,20.888954798380535,24.01853370666504,21.15015940291082,23.929654647564067,2004,Lord Howe Island Marine Park,0
Ostorhinchus flavus,-31.51,159.07,2008,2,14,7.5,15,-32_159,20.888954798380535,24.01853370666504,21.15015940291082,23.929654647564067,2004,Lord Howe Island Marine Park,0
Ostorhinchus flavus,-31.51,159.07,2008,2,14,7.5,8,-32_159,20.888954798380535,24.01853370666504,21.15015940291082,23.929654647564067,2004,Lord Howe Island Marine Park,0
Ostorhinchus flavus,-31.52,159.08,2008,2,14,7.5,8,-32_159,20.888954798380535,24.01853370666504,21.15015940291082,23.929654647564067,NA,NA,0
Ostorhinchus flavus,-31.52,159.08,2008,2,14,10,25,-32_159,20.888954798380535,24.01853370666504,21.15015940291082,23.929654647564067,NA,NA,0
Ostorhinchus flavus,-31.52,159.08,2008,2,14,12.5,5,-32_159,20.888954798380535,24.01853370666504,21.15015940291082,23.929654647564067,NA,NA,0
Ostorhinchus flavus,-31.52,159.08,2008,2,14,10,200,-32_159,20.888954798380535,24.01853370666504,21.15015940291082,23.929654647564067,NA,NA,0
Ostorhinchus flavus,-31.56,159.1,2008,2,23,10,2,-32_159,20.888954798380535,24.01853370666504,21.15015940291082,23.929654647564067,NA,NA,0
Ostorhinchus flavus,-31.56,159.1,2008,2,23,7.5,2,-32_159,20.888954798380535,24.01853370666504,21.15015940291082,23.929654647564067,NA,NA,0
Ostorhinchus flavus,-31.52,159.05,2008,2,17,10,1,-32_159,20.888954798380535,24.01853370666504,21.15015940291082,23.929654647564067,2004,Lord Howe Island Marine Park,0
Ostorhinchus flavus,-31.51,159.06,2018,2,13,5,2,-32_159,21.317596753438313,24.50479507446289,21.51167456906573,24.00642807143075,2004,Lord Howe Island Marine Park,1
Ostorhinchus flavus,-31.51,159.06,2018,2,13,7.5,2,-32_159,21.317596753438313,24.50479507446289,21.51167456906573,24.00642807143075,2004,Lord Howe Island Marine Park,1
Ostorhinchus flavus,-31.51,159.06,2018,2,13,10,1,-32_159,21.317596753438313,24.50479507446289,21.51167456906573,24.00642807143075,2004,Lord Howe Island Marine Park,1
Ostorhinchus flavus,-31.51,159.06,2018,2,13,12.5,1,-32_159,21.317596753438313,24.50479507446289,21.51167456906573,24.00642807143075,2004,Lord Howe Island Marine Park,1
Ostorhinchus flavus,-31.51,159.06,2018,2,13,10,1,-32_159,21.317596753438313,24.50479507446289,21.51167456906573,24.00642807143075,2004,Lord Howe Island Marine Park,1
Ostorhinchus flavus,-31.55,159.06,2018,2,15,7.5,6,-32_159,21.317596753438313,24.50479507446289,21.51167456906573,24.00642807143075,2004,Lord Howe Island Marine Park,1
Ostorhinchus flavus,-31.55,159.06,2018,2,15,10,6,-32_159,21.317596753438313,24.50479507446289,21.51167456906573,24.00642807143075,2004,Lord Howe Island Marine Park,1
Ostorhinchus flavus,-31.55,159.06,2018,2,15,12.5,2,-32_159,21.317596753438313,24.50479507446289,21.51167456906573,24.00642807143075,2004,Lord Howe Island Marine Park,1
Ostorhinchus flavus,-31.55,159.07,2018,2,15,7.5,5,-32_159,21.317596753438313,24.50479507446289,21.51167456906573,24.00642807143075,NA,NA,0
Ostorhinchus flavus,-31.55,159.07,2018,2,15,7.5,7,-32_159,21.317596753438313,24.50479507446289,21.51167456906573,24.00642807143075,NA,NA,0
Ostorhinchus flavus,-31.55,159.07,2018,2,15,10,8,-32_159,21.317596753438313,24.50479507446289,21.51167456906573,24.00642807143075,NA,NA,0
Ostorhinchus flavus,-31.55,159.06,2018,2,15,10,20,-32_159,21.317596753438313,24.50479507446289,21.51167456906573,24.00642807143075,2004,Lord Howe Island Marine Park,1
Ostorhinchus flavus,-31.55,159.07,2018,2,15,12.5,2,-32_159,21.317596753438313,24.50479507446289,21.51167456906573,24.00642807143075,NA,NA,0
Ostorhinchus flavus,-31.55,159.07,2018,2,15,7.5,3,-32_159,21.317596753438313,24.50479507446289,21.51167456906573,24.00642807143075,NA,NA,0
Ostorhinchus flavus,-31.55,159.07,2018,2,15,10,5,-32_159,21.317596753438313,24.50479507446289,21.51167456906573,24.00642807143075,NA,NA,0
Ostorhinchus flavus,-31.54,159.07,2018,2,16,12.5,10,-32_159,21.317596753438313,24.50479507446289,21.51167456906573,24.00642807143075,2004,Lord Howe Island Marine Park,1
Ostorhinchus flavus,-31.54,159.07,2018,2,16,12.5,14,-32_159,21.317596753438313,24.50479507446289,21.51167456906573,24.00642807143075,2004,Lord Howe Island Marine Park,1
Ostorhinchus flavus,-31.55,159.06,2018,2,22,12.5,2,-32_159,21.317596753438313,24.50479507446289,21.51167456906573,24.00642807143075,2004,Lord Howe Island Marine Park,1
Ostorhinchus flavus,-31.55,159.06,2018,2,22,15,1,-32_159,21.317596753438313,24.50479507446289,21.51167456906573,24.00642807143075,2004,Lord Howe Island Marine Park,1
Ostorhinchus flavus,-31.55,159.06,2018,2,22,7.5,8,-32_159,21.317596753438313,24.50479507446289,21.51167456906573,24.00642807143075,2004,Lord Howe Island Marine Park,1
Ostorhinchus flavus,-31.55,159.06,2018,2,22,10,8,-32_159,21.317596753438313,24.50479507446289,21.51167456906573,24.00642807143075,2004,Lord Howe Island Marine Park,1
Ostorhinchus flavus,-31.56,159.1,2018,2,12,10,6,-32_159,21.317596753438313,24.50479507446289,21.51167456906573,24.00642807143075,NA,NA,0
Ostorhinchus flavus,-31.56,159.1,2018,2,12,12.5,2,-32_159,21.317596753438313,24.50479507446289,21.51167456906573,24.00642807143075,NA,NA,0
Ostorhinchus flavus,-31.57,159.1,2018,2,12,12.5,2,-32_159,21.317596753438313,24.50479507446289,21.51167456906573,24.00642807143075,2004,Lord Howe Island Marine Park,1
Ostorhinchus flavus,-31.56,159.1,2018,2,12,12.5,30,-32_159,21.317596753438313,24.50479507446289,21.51167456906573,24.00642807143075,NA,NA,0
Ostorhinchus flavus,-31.56,159.1,2018,2,12,15,10,-32_159,21.317596753438313,24.50479507446289,21.51167456906573,24.00642807143075,NA,NA,0
Ostorhinchus flavus,-31.51,159.07,2018,2,13,12.5,5,-32_159,21.317596753438313,24.50479507446289,21.51167456906573,24.00642807143075,2004,Lord Howe Island Marine Park,1
Ostorhinchus flavus,-31.51,159.07,2018,2,13,15,6,-32_159,21.317596753438313,24.50479507446289,21.51167456906573,24.00642807143075,2004,Lord Howe Island Marine Park,1
Ostorhinchus flavus,-31.55,159.06,2018,2,22,15,12,-32_159,21.317596753438313,24.50479507446289,21.51167456906573,24.00642807143075,2004,Lord Howe Island Marine Park,1
Ostorhinchus flavus,-31.54,159.05,2018,2,15,15,4,-32_159,21.317596753438313,24.50479507446289,21.51167456906573,24.00642807143075,2004,Lord Howe Island Marine Park,1
Ostorhinchus flavus,-31.54,159.05,2020,2,10,12.5,32,-32_159,21.398178100585938,24.25704574584961,22.009252783450954,24.8582752819719,2004,Lord Howe Island Marine Park,1
Ostorhinchus flavus,-31.54,159.05,2020,2,10,10,10,-32_159,21.398178100585938,24.25704574584961,22.009252783450954,24.8582752819719,2004,Lord Howe Island Marine Park,1
Ostorhinchus flavus,-31.54,159.05,2020,2,10,12.5,10,-32_159,21.398178100585938,24.25704574584961,22.009252783450954,24.8582752819719,2004,Lord Howe Island Marine Park,1
Ostorhinchus flavus,-31.53,159.05,2020,2,19,12.5,3,-32_159,21.398178100585938,24.25704574584961,22.009252783450954,24.8582752819719,NA,NA,0
Ostorhinchus flavus,-31.52,159.08,2020,2,18,10,40,-32_159,21.398178100585938,24.25704574584961,22.009252783450954,24.8582752819719,NA,NA,0
Ostorhinchus flavus,-31.52,159.08,2020,2,18,12.5,20,-32_159,21.398178100585938,24.25704574584961,22.009252783450954,24.8582752819719,NA,NA,0
Ostorhinchus flavus,-31.52,159.08,2020,2,18,12.5,1,-32_159,21.398178100585938,24.25704574584961,22.009252783450954,24.8582752819719,NA,NA,0
Ostorhinchus flavus,-31.51,159.07,2020,2,18,15,3,-32_159,21.398178100585938,24.25704574584961,22.009252783450954,24.8582752819719,2004,Lord Howe Island Marine Park,1
Ostorhinchus flavus,-31.55,159.06,2020,2,11,15,2,-32_159,21.398178100585938,24.25704574584961,22.009252783450954,24.8582752819719,2004,Lord Howe Island Marine Park,1
Ostorhinchus flavus,-31.55,159.07,2020,2,12,10,4,-32_159,21.398178100585938,24.25704574584961,22.009252783450954,24.8582752819719,NA,NA,0
Ostorhinchus flavus,-31.55,159.07,2020,2,12,12.5,6,-32_159,21.398178100585938,24.25704574584961,22.009252783450954,24.8582752819719,NA,NA,0
Ostorhinchus flavus,-31.55,159.07,2020,2,12,15,10,-32_159,21.398178100585938,24.25704574584961,22.009252783450954,24.8582752819719,NA,NA,0
Ostorhinchus flavus,-31.53,159.05,2020,2,12,12.5,4,-32_159,21.398178100585938,24.25704574584961,22.009252783450954,24.8582752819719,NA,NA,0
Ostorhinchus flavus,-31.53,159.05,2020,2,12,2.5,1,-32_159,21.398178100585938,24.25704574584961,22.009252783450954,24.8582752819719,NA,NA,0
Ostorhinchus flavus,-31.53,159.05,2020,2,12,12.5,4,-32_159,21.398178100585938,24.25704574584961,22.009252783450954,24.8582752819719,NA,NA,0
Ostorhinchus flavus,-31.55,159.06,2020,2,16,12.5,7,-32_159,21.398178100585938,24.25704574584961,22.009252783450954,24.8582752819719,2004,Lord Howe Island Marine Park,1
Ostorhinchus flavus,-31.55,159.06,2020,2,16,15,3,-32_159,21.398178100585938,24.25704574584961,22.009252783450954,24.8582752819719,2004,Lord Howe Island Marine Park,1
Ostorhinchus flavus,-31.58,159.07,2020,2,11,10,2,-32_159,21.398178100585938,24.25704574584961,22.009252783450954,24.8582752819719,NA,NA,0
Ostorhinchus flavus,-31.55,159.06,2020,2,11,10,6,-32_159,21.398178100585938,24.25704574584961,22.009252783450954,24.8582752819719,2004,Lord Howe Island Marine Park,1
Ostorhinchus flavus,-31.55,159.06,2020,2,11,12.5,7,-32_159,21.398178100585938,24.25704574584961,22.009252783450954,24.8582752819719,2004,Lord Howe Island Marine Park,1
Ostorhinchus flavus,-31.55,159.06,2020,2,11,10,18,-32_159,21.398178100585938,24.25704574584961,22.009252783450954,24.8582752819719,2004,Lord Howe Island Marine Park,1
Ostorhinchus flavus,-31.55,159.06,2020,2,11,12.5,18,-32_159,21.398178100585938,24.25704574584961,22.009252783450954,24.8582752819719,2004,Lord Howe Island Marine Park,1
Ostorhinchus flavus,-31.54,159.07,2020,2,19,12.5,5,-32_159,21.398178100585938,24.25704574584961,22.009252783450954,24.8582752819719,2004,Lord Howe Island Marine Park,1
Ostorhinchus flavus,-31.54,159.07,2020,2,19,12.5,20,-32_159,21.398178100585938,24.25704574584961,22.009252783450954,24.8582752819719,2004,Lord Howe Island Marine Park,1
Ostorhinchus flavus,-31.54,159.07,2020,2,19,12.5,10,-32_159,21.398178100585938,24.25704574584961,22.009252783450954,24.8582752819719,2004,Lord Howe Island Marine Park,1
Ostorhinchus flavus,-31.54,159.07,2020,2,19,7.5,4,-32_159,21.398178100585938,24.25704574584961,22.009252783450954,24.8582752819719,2004,Lord Howe Island Marine Park,1
Ostorhinchus flavus,-31.54,159.07,2020,2,19,10,8,-32_159,21.398178100585938,24.25704574584961,22.009252783450954,24.8582752819719,2004,Lord Howe Island Marine Park,1
Ostorhinchus flavus,-31.54,159.07,2020,2,19,10,2,-32_159,21.398178100585938,24.25704574584961,22.009252783450954,24.8582752819719,2004,Lord Howe Island Marine Park,1
Ostorhinchus flavus,-31.54,159.05,2020,2,10,12.5,2,-32_159,21.398178100585938,24.25704574584961,22.009252783450954,24.8582752819719,2004,Lord Howe Island Marine Park,1
Ostorhinchus flavus,-31.54,159.05,2020,2,10,7.5,5,-32_159,21.398178100585938,24.25704574584961,22.009252783450954,24.8582752819719,2004,Lord Howe Island Marine Park,1
Ostorhinchus flavus,-31.54,159.05,2020,2,10,10,10,-32_159,21.398178100585938,24.25704574584961,22.009252783450954,24.8582752819719,2004,Lord Howe Island Marine Park,1
Ostorhinchus flavus,-31.57,159.07,2020,2,10,7.5,20,-32_159,21.398178100585938,24.25704574584961,22.009252783450954,24.8582752819719,NA,NA,0
Ostorhinchus flavus,-31.56,159.07,2020,2,11,7.5,2,-32_159,21.398178100585938,24.25704574584961,22.009252783450954,24.8582752819719,NA,NA,0
Ostorhinchus flavus,-31.56,159.07,2020,2,11,7.5,5,-32_159,21.398178100585938,24.25704574584961,22.009252783450954,24.8582752819719,NA,NA,0
Ostorhinchus flavus,-31.51,159.04,2020,2,20,2.5,10,-32_159,21.398178100585938,24.25704574584961,22.009252783450954,24.8582752819719,NA,NA,0
Ostorhinchus flavus,-31.55,159.07,2020,2,12,7.5,7,-32_159,21.398178100585938,24.25704574584961,22.009252783450954,24.8582752819719,NA,NA,0
Ostorhinchus flavus,-31.55,159.07,2020,2,12,10,7,-32_159,21.398178100585938,24.25704574584961,22.009252783450954,24.8582752819719,NA,NA,0
Ostorhinchus flavus,-31.55,159.06,2020,2,16,10,15,-32_159,21.398178100585938,24.25704574584961,22.009252783450954,24.8582752819719,2004,Lord Howe Island Marine Park,1
Ostorhinchus flavus,-31.55,159.06,2020,2,16,12.5,20,-32_159,21.398178100585938,24.25704574584961,22.009252783450954,24.8582752819719,2004,Lord Howe Island Marine Park,1
Ostorhinchus flavus,-31.55,159.06,2020,2,16,15,5,-32_159,21.398178100585938,24.25704574584961,22.009252783450954,24.8582752819719,2004,Lord Howe Island Marine Park,1
Ostorhinchus flavus,-31.54,159.07,2020,2,19,7.5,1,-32_159,21.398178100585938,24.25704574584961,22.009252783450954,24.8582752819719,2004,Lord Howe Island Marine Park,1
Ostorhinchus flavus,-31.54,159.07,2020,2,19,10,1,-32_159,21.398178100585938,24.25704574584961,22.009252783450954,24.8582752819719,2004,Lord Howe Island Marine Park,1
Ostorhinchus flavus,-31.54,159.07,2020,2,19,7.5,4,-32_159,21.398178100585938,24.25704574584961,22.009252783450954,24.8582752819719,2004,Lord Howe Island Marine Park,1
Ostorhinchus flavus,-31.54,159.07,2020,2,19,10,4,-32_159,21.398178100585938,24.25704574584961,22.009252783450954,24.8582752819719,2004,Lord Howe Island Marine Park,1
Ostorhinchus flavus,-31.54,159.05,2022,3,17,5,5,-32_159,21.215414365132652,23.80377960205078,21.07836398403277,23.532257449242376,2004,Lord Howe Island Marine Park,1
Ostorhinchus flavus,-31.54,159.05,2022,3,17,7.5,4,-32_159,21.215414365132652,23.80377960205078,21.07836398403277,23.532257449242376,2004,Lord Howe Island Marine Park,1
Ostorhinchus flavus,-31.51,159.05,2022,3,15,12.5,2,-32_159,21.215414365132652,23.80377960205078,21.07836398403277,23.532257449242376,2004,Lord Howe Island Marine Park,1
Ostorhinchus flavus,-31.51,159.05,2022,3,15,15,2,-32_159,21.215414365132652,23.80377960205078,21.07836398403277,23.532257449242376,2004,Lord Howe Island Marine Park,1
Ostorhinchus flavus,-31.55,159.07,2022,3,17,10,5,-32_159,21.215414365132652,23.80377960205078,21.07836398403277,23.532257449242376,NA,NA,0
Ostorhinchus flavus,-31.55,159.07,2022,3,17,12.5,5,-32_159,21.215414365132652,23.80377960205078,21.07836398403277,23.532257449242376,NA,NA,0
Ostorhinchus flavus,-31.51,159.07,2022,3,19,15,2,-32_159,21.215414365132652,23.80377960205078,21.07836398403277,23.532257449242376,2004,Lord Howe Island Marine Park,1
Ostorhinchus flavus,-31.51,159.07,2022,3,19,12.5,2,-32_159,21.215414365132652,23.80377960205078,21.07836398403277,23.532257449242376,2004,Lord Howe Island Marine Park,1
Ostorhinchus flavus,-31.55,159.06,2022,3,19,10,13,-32_159,21.215414365132652,23.80377960205078,21.07836398403277,23.532257449242376,2004,Lord Howe Island Marine Park,1
Ostorhinchus flavus,-31.55,159.06,2022,3,19,12.5,13,-32_159,21.215414365132652,23.80377960205078,21.07836398403277,23.532257449242376,2004,Lord Howe Island Marine Park,1
Ostorhinchus flavus,-31.54,159.07,2022,3,14,10,3,-32_159,21.215414365132652,23.80377960205078,21.07836398403277,23.532257449242376,2004,Lord Howe Island Marine Park,1
Ostorhinchus flavus,-31.54,159.07,2022,3,14,12.5,4,-32_159,21.215414365132652,23.80377960205078,21.07836398403277,23.532257449242376,2004,Lord Howe Island Marine Park,1
Ostorhinchus flavus,-31.54,159.07,2022,3,14,15,3,-32_159,21.215414365132652,23.80377960205078,21.07836398403277,23.532257449242376,2004,Lord Howe Island Marine Park,1
Ostorhinchus flavus,-31.52,159.08,2022,3,19,10,2,-32_159,21.215414365132652,23.80377960205078,21.07836398403277,23.532257449242376,NA,NA,0
Ostorhinchus flavus,-31.54,159.07,2022,3,14,5,10,-32_159,21.215414365132652,23.80377960205078,21.07836398403277,23.532257449242376,2004,Lord Howe Island Marine Park,1
Ostorhinchus flavus,-31.54,159.07,2022,3,14,12.5,3,-32_159,21.215414365132652,23.80377960205078,21.07836398403277,23.532257449242376,2004,Lord Howe Island Marine Park,1
Ostorhinchus flavus,-31.54,159.07,2022,3,14,15,6,-32_159,21.215414365132652,23.80377960205078,21.07836398403277,23.532257449242376,2004,Lord Howe Island Marine Park,1
Ostorhinchus flavus,-31.55,159.06,2022,3,19,10,5,-32_159,21.215414365132652,23.80377960205078,21.07836398403277,23.532257449242376,2004,Lord Howe Island Marine Park,1
Ostorhinchus flavus,-31.55,159.06,2022,3,19,12.5,4,-32_159,21.215414365132652,23.80377960205078,21.07836398403277,23.532257449242376,2004,Lord Howe Island Marine Park,1
Ostorhinchus flavus,-31.55,159.07,2022,3,17,10,2,-32_159,21.215414365132652,23.80377960205078,21.07836398403277,23.532257449242376,NA,NA,0
Ostorhinchus flavus,-31.55,159.07,2022,3,17,12.5,1,-32_159,21.215414365132652,23.80377960205078,21.07836398403277,23.532257449242376,NA,NA,0
Ostorhinchus flavus,-31.57,159.07,2022,3,17,10,13,-32_159,21.215414365132652,23.80377960205078,21.07836398403277,23.532257449242376,NA,NA,0
Ostorhinchus flavus,-31.57,159.07,2022,3,17,12.5,2,-32_159,21.215414365132652,23.80377960205078,21.07836398403277,23.532257449242376,NA,NA,0
Ostorhinchus flavus,-31.55,159.07,2022,3,17,10,3,-32_159,21.215414365132652,23.80377960205078,21.07836398403277,23.532257449242376,NA,NA,0
Ostorhinchus flavus,-31.54,159.07,2022,3,14,10,4,-32_159,21.215414365132652,23.80377960205078,21.07836398403277,23.532257449242376,2004,Lord Howe Island Marine Park,1
Ostorhinchus flavus,-31.54,159.07,2022,3,14,12.5,4,-32_159,21.215414365132652,23.80377960205078,21.07836398403277,23.532257449242376,2004,Lord Howe Island Marine Park,1
Ostorhinchus flavus,-31.53,159.05,2022,3,18,10,5,-32_159,21.215414365132652,23.80377960205078,21.07836398403277,23.532257449242376,NA,NA,0
Ostorhinchus flavus,-31.53,159.05,2022,3,18,12.5,2,-32_159,21.215414365132652,23.80377960205078,21.07836398403277,23.532257449242376,NA,NA,0
Ostorhinchus flavus,-31.54,159.07,2022,3,14,5,4,-32_159,21.215414365132652,23.80377960205078,21.07836398403277,23.532257449242376,2004,Lord Howe Island Marine Park,1
Ostorhinchus flavus,-31.54,159.07,2022,3,14,7.5,4,-32_159,21.215414365132652,23.80377960205078,21.07836398403277,23.532257449242376,2004,Lord Howe Island Marine Park,1
Ostorhinchus flavus,-31.55,159.06,2022,3,19,20,5,-32_159,21.215414365132652,23.80377960205078,21.07836398403277,23.532257449242376,2004,Lord Howe Island Marine Park,1
Ostorhinchus flavus,-31.55,159.06,2022,3,18,7.5,2,-32_159,21.215414365132652,23.80377960205078,21.07836398403277,23.532257449242376,2004,Lord Howe Island Marine Park,1
Ostorhinchus flavus,-31.55,159.06,2022,3,18,10,1,-32_159,21.215414365132652,23.80377960205078,21.07836398403277,23.532257449242376,2004,Lord Howe Island Marine Park,1
Ostorhinchus flavus,-31.56,159.1,2022,3,21,12.5,10,-32_159,21.215414365132652,23.80377960205078,21.07836398403277,23.532257449242376,NA,NA,0
Ostorhinchus flavus,-31.55,159.06,2022,3,18,10,18,-32_159,21.215414365132652,23.80377960205078,21.07836398403277,23.532257449242376,2004,Lord Howe Island Marine Park,1
Ostorhinchus flavus,-31.55,159.06,2022,3,18,12.5,18,-32_159,21.215414365132652,23.80377960205078,21.07836398403277,23.532257449242376,2004,Lord Howe Island Marine Park,1
Ostorhinchus flavus,-31.55,159.06,2022,3,18,10,10,-32_159,21.215414365132652,23.80377960205078,21.07836398403277,23.532257449242376,2004,Lord Howe Island Marine Park,1
Ostorhinchus flavus,-31.55,159.06,2022,3,18,12.5,10,-32_159,21.215414365132652,23.80377960205078,21.07836398403277,23.532257449242376,2004,Lord Howe Island Marine Park,1
Ostorhinchus flavus,-31.55,159.06,2022,3,19,10,12,-32_159,21.215414365132652,23.80377960205078,21.07836398403277,23.532257449242376,2004,Lord Howe Island Marine Park,1
Ostorhinchus flavus,-31.55,159.06,2022,3,19,12.5,40,-32_159,21.215414365132652,23.80377960205078,21.07836398403277,23.532257449242376,2004,Lord Howe Island Marine Park,1
Ostorhinchus flavus,-31.51,159.06,2022,3,15,12.5,3,-32_159,21.215414365132652,23.80377960205078,21.07836398403277,23.532257449242376,2004,Lord Howe Island Marine Park,1
Ostorhinchus flavus,-31.54,159.05,2022,3,17,10,5,-32_159,21.215414365132652,23.80377960205078,21.07836398403277,23.532257449242376,2004,Lord Howe Island Marine Park,1
Ostorhinchus flavus,-31.51,159.06,2024,3,21,5,2,-32_159,22.001205444335938,24.75673484802246,22.556345841528355,25.54290263883529,2004,Lord Howe Island Marine Park,1
Ostorhinchus flavus,-31.51,159.06,2024,3,21,5,23,-32_159,22.001205444335938,24.75673484802246,22.556345841528355,25.54290263883529,2004,Lord Howe Island Marine Park,1
Ostorhinchus flavus,-31.51,159.06,2024,3,21,7.5,28,-32_159,22.001205444335938,24.75673484802246,22.556345841528355,25.54290263883529,2004,Lord Howe Island Marine Park,1
Ostorhinchus flavus,-31.52,159.08,2024,3,22,10,15,-32_159,22.001205444335938,24.75673484802246,22.556345841528355,25.54290263883529,NA,NA,0
Ostorhinchus flavus,-31.54,159.07,2024,3,17,10,2,-32_159,22.001205444335938,24.75673484802246,22.556345841528355,25.54290263883529,2004,Lord Howe Island Marine Park,1
Ostorhinchus flavus,-31.54,159.07,2024,3,17,12.5,2,-32_159,22.001205444335938,24.75673484802246,22.556345841528355,25.54290263883529,2004,Lord Howe Island Marine Park,1
Ostorhinchus flavus,-31.55,159.06,2024,3,19,7.5,19,-32_159,22.001205444335938,24.75673484802246,22.556345841528355,25.54290263883529,2004,Lord Howe Island Marine Park,1
Ostorhinchus flavus,-31.55,159.06,2024,3,19,7.5,2,-32_159,22.001205444335938,24.75673484802246,22.556345841528355,25.54290263883529,2004,Lord Howe Island Marine Park,1
Ostorhinchus flavus,-31.51,159.07,2024,3,26,7.5,30,-32_159,22.001205444335938,24.75673484802246,22.556345841528355,25.54290263883529,2004,Lord Howe Island Marine Park,1
Ostorhinchus flavus,-31.51,159.07,2024,3,26,5,5,-32_159,22.001205444335938,24.75673484802246,22.556345841528355,25.54290263883529,2004,Lord Howe Island Marine Park,1
Ostorhinchus flavus,-31.51,159.07,2024,3,26,7.5,20,-32_159,22.001205444335938,24.75673484802246,22.556345841528355,25.54290263883529,2004,Lord Howe Island Marine Park,1
Ostorhinchus flavus,-31.51,159.07,2024,3,26,10,15,-32_159,22.001205444335938,24.75673484802246,22.556345841528355,25.54290263883529,2004,Lord Howe Island Marine Park,1
Ostorhinchus flavus,-31.55,159.06,2024,3,20,5,2,-32_159,22.001205444335938,24.75673484802246,22.556345841528355,25.54290263883529,2004,Lord Howe Island Marine Park,1
Ostorhinchus flavus,-31.55,159.06,2024,3,20,7.5,4,-32_159,22.001205444335938,24.75673484802246,22.556345841528355,25.54290263883529,2004,Lord Howe Island Marine Park,1
Ostorhinchus flavus,-31.55,159.06,2024,3,20,5,1,-32_159,22.001205444335938,24.75673484802246,22.556345841528355,25.54290263883529,2004,Lord Howe Island Marine Park,1
Ostorhinchus flavus,-31.55,159.06,2024,3,20,7.5,1,-32_159,22.001205444335938,24.75673484802246,22.556345841528355,25.54290263883529,2004,Lord Howe Island Marine Park,1
Ostorhinchus flavus,-31.55,159.07,2024,3,18,5,3,-32_159,22.001205444335938,24.75673484802246,22.556345841528355,25.54290263883529,NA,NA,0
Ostorhinchus flavus,-31.55,159.07,2024,3,18,7.5,7,-32_159,22.001205444335938,24.75673484802246,22.556345841528355,25.54290263883529,NA,NA,0
Ostorhinchus flavus,-31.55,159.06,2024,3,20,5,15,-32_159,22.001205444335938,24.75673484802246,22.556345841528355,25.54290263883529,2004,Lord Howe Island Marine Park,1
Ostorhinchus flavus,-31.55,159.06,2024,3,20,7.5,20,-32_159,22.001205444335938,24.75673484802246,22.556345841528355,25.54290263883529,2004,Lord Howe Island Marine Park,1
Ostorhinchus flavus,-31.55,159.06,2024,3,20,5,45,-32_159,22.001205444335938,24.75673484802246,22.556345841528355,25.54290263883529,2004,Lord Howe Island Marine Park,1
Ostorhinchus flavus,-31.55,159.06,2024,3,20,7.5,60,-32_159,22.001205444335938,24.75673484802246,22.556345841528355,25.54290263883529,2004,Lord Howe Island Marine Park,1
Ostorhinchus flavus,-31.55,159.07,2024,3,18,7.5,1,-32_159,22.001205444335938,24.75673484802246,22.556345841528355,25.54290263883529,NA,NA,0
Ostorhinchus flavus,-31.55,159.07,2024,3,18,10,2,-32_159,22.001205444335938,24.75673484802246,22.556345841528355,25.54290263883529,NA,NA,0
Ostorhinchus flavus,-31.56,159.07,2024,3,25,12.5,20,-32_159,22.001205444335938,24.75673484802246,22.556345841528355,25.54290263883529,NA,NA,0
Ostorhinchus flavus,-31.55,159.06,2024,3,19,10,2,-32_159,22.001205444335938,24.75673484802246,22.556345841528355,25.54290263883529,2004,Lord Howe Island Marine Park,1
Ostorhinchus flavus,-31.51,159.05,2024,3,21,10,2,-32_159,22.001205444335938,24.75673484802246,22.556345841528355,25.54290263883529,2004,Lord Howe Island Marine Park,1
Ostorhinchus flavus,-31.51,159.05,2024,3,21,12.5,3,-32_159,22.001205444335938,24.75673484802246,22.556345841528355,25.54290263883529,2004,Lord Howe Island Marine Park,1
Ostorhinchus flavus,-31.54,159.07,2024,3,17,10,2,-32_159,22.001205444335938,24.75673484802246,22.556345841528355,25.54290263883529,2004,Lord Howe Island Marine Park,1
Ostorhinchus flavus,-31.53,159.05,2024,3,20,2.5,40,-32_159,22.001205444335938,24.75673484802246,22.556345841528355,25.54290263883529,NA,NA,0
Ostorhinchus flavus,-31.53,159.05,2024,3,20,5,25,-32_159,22.001205444335938,24.75673484802246,22.556345841528355,25.54290263883529,NA,NA,0
Ostorhinchus flavus,-31.53,159.05,2024,3,20,7.5,10,-32_159,22.001205444335938,24.75673484802246,22.556345841528355,25.54290263883529,NA,NA,0
